INSERT INTO `musique` (`numMusique`, `numAlbum`, `titre`, `duree`, `top`) VALUES
('05CwHjIk71RXVU40boRMnR', '1ONuDpN0a3zhCUyKCgtuzK', 'Call You Mine', '217653', 1),
('0DiDStADDVh3SvAsoJAFMk', '1Uf67JAtkVWfdydzFFqNF2', 'Only Human', '183000', 2),
('0Ev562zA4pmUsBqjxsxxdx', '1fP5UnRB0WNWNHSZRHsRCR', 'Feel Good (feat. Daya)', '248156', 1),
('0i0wnv9UoFdZ5MfuFGQzMy', '5ljc69MQ6iwGcJ4SmHaAh5', 'Last Hurrah', '150333', 3),
('0mjAU3yKR1QnXnHtjGJqTM', '57BhVBJbVPfIbwLANO5fSe', 'Rescue Me', '158899', 4),
('0N8MGHEDAq29ip7RrlrTeN', '3c7IGLGpCdyd8NdiOq5nT3', 'Beach House', '206120', 2),
('0PowxVSTY2uh1CPc8EPKyX', '1FVR0Mg8rGHhLBpaO9MADY', 'Project Dreams', '167898', 3),
('0rTV5WefWd1J3OwIheTzxM', '58kvvQvx6OtLqEDhqYSzyM', 'Talk', '197487', 5),
('0Tdh0VTkzmPGeAQIXHYhVJ', '5oUZ9TEZR3wOdvqzowuNwl', 'Antisocial (with Travis Scott)', '161746', 6),
('0TK2YIli7K1leLovkQiNik', '2ZaX1FdZCwchXl1QZiD4O4', 'Señorita', '190960', 7),
('0uUNN1nSoUx1A4fkDCWDQ7', '2XvFk3xrG7dV6GhqcJSQHX', 'So Am I', '183026', 8),
('0VH7wmxrvFD1VBU701vueP', '3XalQXmk1Cek8ZBEjNQPFv', 'Cinnamon', '169565', 4),
('0vrmHPfoBadXVr2n0m1aqZ', '6Ad1E9vl75ZB3Ir87zwXIJ', 'Heaven', '277261', 9),
('0vxVmFrsrREswFaAT0QEkA', '2VPeosOdvgYH9wTT6QdbWx', 'Adrenaline', '196080', 5),
('15kQGEy89K8deJcZVFEn0N', '1KQiX6KfutAN1UEzZ4BK5Q', 'This Feeling (feat. Kelsea Ballerini)', '199226', 6),
('18PergoIrGmRyeYxnaXJN2', '7viSsSKXrDa95CtUcuc1Iv', 'Kill This Love', '189052', 10),
('18W92Zm1KjLCbUIszOhpkD', '2xqSl9X8ulJayI0KxABaLV', 'I Wanna Know (feat. Bea Miller)', '197938', 7),
('1A6OTy97kk0mMdm78rHsm8', '47LpgGVshd0tbFSbm9tTLb', 'Sunflower - Spider-Man: Into the Spider-Verse', '158053', 8),
('1ABQT5SxlUTNapSbSzblGx', '4IRiXE5NROxknUSAUSjMoO', 'F9mily (You & Me)', '162720', 11),
('1ahVFh0ViDZr8LvkEVlq3B', '7KJTuTXYSnBGNgAxte3CSg', 'No Sleep (feat. Bonn)', '207094', 12),
('1DUSuNhF8P5vUGNPpQiZa5', '0B1vzblCZwbnUF8cv5jGkd', 'My Bad', '166101', 13),
('1f38Gx6xQz6r4H1jGVNBJo', '3HXHo0qkSUO4M9p6PEnA01', 'Loco Contigo (with J. Balvin & Tyga)', '185194', 14),
('1HpzOCZbNWzxvvXfSGtSrX', '1GySemCUsaTUREhIPAF3hH', 'Find U Again (feat. Camila Cabello)', '176416', 15),
('1rqqCSm0Qe4I9rUvWncaom', '6ApYSpXF8GxZAgBTHDzYge', 'High Hopes', '190946', 9),
('1tNJrcVe6gwLEiZCtprs1u', '1DNx0H5ZX1ax3yyRwtgT4S', '3 Nights', '177666', 10),
('25sgk305KZfyuqVBQIahim', '7CdLU3GgPy1PH5FVsrPlyA', 'Sweet but Psycho', '187436', 11),
('27rdGxbavYJeBphck5MZAF', '2hBfao8GWZwHlUGDB8HVQO', 'Nothing Breaks Like a Heart (feat. Miley Cyrus)', '217466', 12),
('29fRTIKsJhLUJoldM89GZS', '21dd5QyItuoqvPkViQXlKf', 'You Need To Calm Down', '171386', 16),
('2b8fOow8UzyDFAE27YhOZM', '3nR9B40hYLKLcR0Eph3Goc', 'Memories', '189486', 17),
('2dpaYNEQHiRxtZbfNsse99', '78EicdHZr5XBWD7llEZ1Jh', 'Happier', '214289', 13),
('2Fxmhks0bxGSBdJ92vM42m', '0S0KGZnfBGSIssfF54WSJh', 'bad guy', '194087', 18),
('2nNRWUZBeGLuxegmFhJeCZ', '4SxQPH2WUVZbnhLPwDQuQT', 'On The Beach', '188846', 19),
('2QrXzOqLCVDRZHkToA0tSR', '5EqITahBSjWcU71mbhFPEf', 'Never Go Back', '175424', 20),
('2qxmye6gAegTMjLKEBoR3d', '6jKZplJpy21R5lHaYHHjmZ', 'Let Me Down Slowly', '169353', 14),
('2x0RZdkZcD8QRI53XT4GI5', '6Ad1E9vl75ZB3Ir87zwXIJ', 'SOS (feat. Aloe Blacc)', '157202', 21),
('2XWjPtKdi5sucFYtVav07d', '7DMS5dzWQu7R3D59CKw4TA', '365', '181899', 22),
('30JmFiqRUyMhniivPTewhD', '74Stw4HKAunID9L34z99Ac', 'I Smell Nice', '211394', 23),
('360avnWXoE7hNv6SBf8IY8', '5FhCnvZ9Nnpk3VMXUU7PNR', 'Easier as Friends', '115703', 24),
('3DB14jHq2qNoByUN5W2gz1', '7M4YAXOOg1XbWx03jg7t62', 'Party Up The Street', '217253', 25),
('3gicyfiEVMGONgzygpWjNT', '1TwCR17ZsRgWTo00mmlzqq', 'Grip', '198074', 15),
('3HVWdVOQ0ZA45FuZGSfvns', '5Nux7ozBJ5KJ02QYWwrneR', 'I Don\'t Care (with Justin Bieber)', '219946', 26),
('3NkJNL3WqO1Lqc3uNDxvCN', '2qWVO5SXPdWAECnwEWYOJH', 'Don’t Call Me Angel (Charlie’s Angels) (with Miley Cyrus & Lana Del Rey)', '190106', 27),
('3O8X1DE9btbzy4UH9cSX9a', '5zGidcaAvNahQrYhyQwAQn', 'Borderline', '274293', 28),
('3QmolSZqjjLksTUvZJ6pPS', '4yenfBKQAR4ofEgNPk5Ocn', 'Cool', '167120', 29),
('3tTV4DYlhkiXRNiiXwIAPf', '5iUJzNJieRm5uJAtIk8Jxf', 'Medellín (with Maluma)', '298164', 30),
('3vJ6MqsdQwJV5s8gyguMji', '55ShoKiZuaRd5jLZIvGsbc', 'See Me', '195394', 31),
('3WDIhWoRWVcaHdRwMEHkkS', '1MvF4ulZKH7SaDQs9rE5nc', 'Mama (feat. Ellie Goulding)', '189973', 1),
('3zHq9ouUJQFQRf3cm1rRLu', '20Ol6zZ0nLlc5EGTH1zA0j', 'Love Me Like You Do - From "Fifty Shades Of Grey"', '252534', 16),
('421leiR6jKlH5KDdwLYrOs', '5i6CS5XcLZGLgaNCKlJvc2', 'Dance Monkey', '209754', 32),
('4BiiOzZCrXEzHRLYcYFiD5', '6ZvDJs17O3woQirttKRYCG', 'Hope', '180120', 17),
('4evmHXcjt3bTUHD1cvny97', '3E12WU80fDMyu7GyIAx7wJ', 'Beautiful People (feat. Khalid)', '197866', 33),
('4Fvtl6P5d8h2lzzwhUCHHD', '7KqNNYGSs3S4uFiDVIVOXY', 'Just You and I', '174982', 18),
('4h8VwCb1MTGoLKueQ1WgbD', '1s9tU91VJt4sU5owi29GD3', 'Wake Me Up', '247426', 19),
('4hPpVbbakQNv8YTHYaOJP4', '4QAC6FquY8D0RXom13iE5J', 'One Thing Right', '181823', 34),
('4lSf7DQIzKA9tWFBSUfD1f', '5Kh9C0tc6o7NEy9t0n2Mtg', 'I Love To Hate You', '137600', 35),
('4n7jnSxVLd8QioibtTDBDq', '1bcvtuHyO79DNAOOhHEkEm', 'On My Way', '193797', 36),
('4NmE2ytXI8S2svTRSmEdpO', '5FOy9CM3AZs86TIK7fsJTV', 'Small Talk', '161962', 37),
('4NSW0Km5ZG60L8FthUebPJ', '6gPZmYBSipug1asf4zu9jh', 'What I Like About You (feat. Theresa Rex)', '220396', 38),
('4Of7rzpRpV1mWRbhp5rAqG', '5658aM19fA3JVwTK6eQX70', 'Bruises', '220492', 39),
('4PkIDTPGedm0enzdvilLNd', '5AXNN75OmMjFrwst6ExNPx', 'Sixteen', '201072', 40),
('4QjVfuu7om31HBan0jlX4p', '7eNi4JLsvO4nrHGNjOL45U', 'Don\'t Call Me Up', '178480', 41),
('4QVS8YCpK71R4FsxSMCjhP', '69t8rpgBN1ov5kCU6LDMuR', 'Tie Me Down (with Elley Duhé)', '218295', 20),
('4Sib57MmYGJzSvkW84jTwh', '0WGakTFs8cnggcYsHjIhgy', 'ME! (feat. Brendon Urie of Panic! At The Disco)', '193040', 43),
('4u0TyofXZ62soMf06S80Q5', '13mHFNhrWrxqH08VbK7oQv', 'Don\'t Know How', '196285', 21),
('4VginDwYTP2eaHJzO0QMjG', '75n7rjlC1fxezRtoMQmtL5', 'Circles', '214906', 44),
('4vUmTMuQqjdnvlZmAH61Qk', '3oIFxDIo2fwuk4lwCmFZCx', 'South of the Border (feat. Camila Cabello & Cardi B)', '204466', 45),
('4y3OI86AEP6PQoDE6olYhO', '4W0r9HOcuCC6Vh7aze2hwi', 'Sucker', '181040', 46),
('56JyMaElW79S7TDWh1Zw1m', '6eV8O8De1mibErM1XM1tEc', 'On A Roll', '154447', 47),
('5i2JGF65pHKSfMEjSMrBC3', '2aygqrnBUbPolcC6H1GUPS', 'Jesus In LA', '172606', 48),
('5icOoE6VgqFKohjWWNp0Ac', '6NHS3hV16MZyfcp0nSHdrd', 'Here With Me', '156346', 49),
('5Il6Oe7lr5XM7A0cWbVQtr', '2fYhqwDWXjbpjaIJPEfKFw', 'bad idea', '267106', 50),
('5itOtNx0WxtJmi1TQ3RuRd', '4PwXTHenZZx7ebgsnTM65K', 'Giant (with Rag\'n\'Bone Man)', '229184', 51),
('5iwz1NiezX7WWjnCgY5TH4', '1tFnP9PwIMeMIuj92mfswZ', 'Calma - Remix', '238200', 16),
('5KawlOMHjWeUjQtnuRs22c', '1AvXa8xFEXtR3hb4bgihIK', 'Boy With Luv (feat. Halsey)', '229773', 52),
('5MFpbvo0bNcl3mDwVMflRb', '7M3UYQ41G8W704AKG0YC4Y', 'One Day', '215978', 53),
('5p1ex0pXv6jSPJ6QbumQpD', '0agqVZjOqVtqHkq3pTFPXb', 'Piece Of Your Heart', '152913', 54),
('5PYQUBXc7NYeI1obMKSJK0', '3KjXg0MDej2pG9fv6I22lT', 'Never Really Over', '223523', 55),
('5sdb5pMhcK44SSLsj1moUh', '3jfSJj7tHJxk1a4i2KZt9F', 'I Found You (with Calvin Harris)', '191495', 18),
('5w9c2J52mkdntKOmRLeM2m', '1otwHKoQ5KPaiekpYk4tWh', 'Con Calma', '193226', 56),
('68poZGRClFTzLdeRz9X0M2', '3ubteGlws5KJiIDSn45zz8', 'Panini', '114893', 57),
('6b2RcmUt1g9N9mQ3CbjX2Y', '7baaCf70tVcUBL2bbkuXjo', 'How Do You Sleep?', '202204', 58),
('6kls8cSlUyHW2BUOkDJIZE', '29FoTD5vBY3Fq1QWhbl3FM', 'Hate Me (with Juice WRLD)', '186223', 59),
('6kPJZM97LwdG9QIsT7khp6', '1q7a5wZeti0neU2jDn8Dz3', 'Solo (feat. Demi Lovato)', '222653', 19),
('6LsAAHotRLMOHfCsSfYCsz', '1J2BrRxtQjVUa7X9Ne99xD', 'If I Can\'t Have You', '190800', 60),
('6moU77g9RQyMzHNuKEaQKq', '40vQONzvJb6sKejDN3eWza', 'It\'s You', '212606', 61),
('6oJ6le65B3SEqPwMRNXWjY', '4wquJImu8RtyEuDtIAsfcE', 'Higher Love', '228267', 62),
('6Qs4SXO9dwPj5GKvVOv8Ki', '1V9oE8bVilClrk5naqyyvL', 'Dancing With A Stranger (with Normani)', '171029', 63),
('6u7jPi22kF8CTQ3rb9DHE7', '38kpkGLuPr1nNfD3iEyOlJ', 'Old Town Road (feat. Billy Ray Cyrus) - Remix', '157066', 64),
('6V9fHiv84WlVTg7CSnIVY2', '66QwiCFDLtRbrZ5Vs9wlL9', 'Graveyard', '181805', 65),
('6vjymPak0JRQC2P84XlI9t', '7M4YAXOOg1XbWx03jg7t62', 'Unholy', '130186', 66),
('6wo37KVqFJhtuxPTpLCcfe', '1JawI0XkEwmQ5Bwef3RMbq', 'Takeaway', '209893', 67),
('6xtcFXSo8H9BZN637BMVKS', '4INRJMYMJrSPsf5mbW26Fm', 'Let You Love Me', '190000', 21),
('7c4U2q0RQBPduq1aBTCQoY', '1ifOcY0GEth5y4yRC4suyI', 'Naked', '214077', 68),
('7COXchtUOMd6uIT6HvmRaI', '13yMsBNa2femeWzhcDOqFw', 'i\'m so tired...', '162582', 69),
('7FtQLQTo7fFPkM855kmAwm', '1sEK3rkUCHa84a81iWm8gT', 'Sunday Love', '213500', 22),
('7jr3iPu4O4bTCVwLMbdU2i', '0obMz8EHnr3dg6NCUK4xWp', 'Kiss and Make Up', '189173', 23),
('7LzouaWGFCy4tkXDOOnEyM', '3xgS4rfthlsvhW7J2WLiiR', 'Liar', '207038', 70),
('7nDYw1nNAW4dAqgmW2W3tq', '2k7vcF0Yr1drY0YsJQAACa', 'Almost (Sweet Music)', '217480', 71),
('7qEHsqek33rTcFNT9PFqLf', '5658aM19fA3JVwTK6eQX70', 'Someone You Loved', '182160', 72),
('7xKgIO7hF7sbljmZa6TTEl', '2XzL7kpsqEoEcB1M26P1cz', 'Bad Decisions', '219600', 24);

INSERT INTO `posseder` (`numMusique`, `numTag`) VALUES
('05CwHjIk71RXVU40boRMnR', 1),
('0DiDStADDVh3SvAsoJAFMk', 1),
('0Ev562zA4pmUsBqjxsxxdx', 1),
('0i0wnv9UoFdZ5MfuFGQzMy', 1),
('0N8MGHEDAq29ip7RrlrTeN', 1),
('0Tdh0VTkzmPGeAQIXHYhVJ', 1),
('0TK2YIli7K1leLovkQiNik', 1),
('0VH7wmxrvFD1VBU701vueP', 1),
('0vrmHPfoBadXVr2n0m1aqZ', 1),
('0vxVmFrsrREswFaAT0QEkA', 1),
('18PergoIrGmRyeYxnaXJN2', 1),
('18W92Zm1KjLCbUIszOhpkD', 1),
('1ABQT5SxlUTNapSbSzblGx', 1),
('1ahVFh0ViDZr8LvkEVlq3B', 1),
('1DUSuNhF8P5vUGNPpQiZa5', 1),
('1f38Gx6xQz6r4H1jGVNBJo', 1),
('1HpzOCZbNWzxvvXfSGtSrX', 1),
('1rqqCSm0Qe4I9rUvWncaom', 1),
('1tNJrcVe6gwLEiZCtprs1u', 1),
('2b8fOow8UzyDFAE27YhOZM', 1),
('2dpaYNEQHiRxtZbfNsse99', 1),
('2Fxmhks0bxGSBdJ92vM42m', 1),
('2QrXzOqLCVDRZHkToA0tSR', 1),
('2qxmye6gAegTMjLKEBoR3d', 1),
('2XWjPtKdi5sucFYtVav07d', 1),
('30JmFiqRUyMhniivPTewhD', 1),
('360avnWXoE7hNv6SBf8IY8', 1),
('3gicyfiEVMGONgzygpWjNT', 1),
('3HVWdVOQ0ZA45FuZGSfvns', 1),
('3NkJNL3WqO1Lqc3uNDxvCN', 1),
('3O8X1DE9btbzy4UH9cSX9a', 1),
('3QmolSZqjjLksTUvZJ6pPS', 1),
('3tTV4DYlhkiXRNiiXwIAPf', 1),
('3WDIhWoRWVcaHdRwMEHkkS', 1),
('3zHq9ouUJQFQRf3cm1rRLu', 1),
('421leiR6jKlH5KDdwLYrOs', 1),
('4BiiOzZCrXEzHRLYcYFiD5', 1),
('4evmHXcjt3bTUHD1cvny97', 1),
('4Fvtl6P5d8h2lzzwhUCHHD', 1),
('4lSf7DQIzKA9tWFBSUfD1f', 1),
('4Of7rzpRpV1mWRbhp5rAqG', 1),
('4QjVfuu7om31HBan0jlX4p', 1),
('4Sib57MmYGJzSvkW84jTwh', 1),
('4u0TyofXZ62soMf06S80Q5', 1),
('4VginDwYTP2eaHJzO0QMjG', 1),
('5i2JGF65pHKSfMEjSMrBC3', 1),
('5icOoE6VgqFKohjWWNp0Ac', 1),
('5Il6Oe7lr5XM7A0cWbVQtr', 1),
('5itOtNx0WxtJmi1TQ3RuRd', 1),
('5iwz1NiezX7WWjnCgY5TH4', 1),
('5KawlOMHjWeUjQtnuRs22c', 1),
('5PYQUBXc7NYeI1obMKSJK0', 1),
('5sdb5pMhcK44SSLsj1moUh', 1),
('5w9c2J52mkdntKOmRLeM2m', 1),
('6b2RcmUt1g9N9mQ3CbjX2Y', 1),
('6kls8cSlUyHW2BUOkDJIZE', 1),
('6LsAAHotRLMOHfCsSfYCsz', 1),
('6moU77g9RQyMzHNuKEaQKq', 1),
('6oJ6le65B3SEqPwMRNXWjY', 1),
('6Qs4SXO9dwPj5GKvVOv8Ki', 1),
('6V9fHiv84WlVTg7CSnIVY2', 1),
('6xtcFXSo8H9BZN637BMVKS', 1),
('7c4U2q0RQBPduq1aBTCQoY', 1),
('7COXchtUOMd6uIT6HvmRaI', 1),
('7jr3iPu4O4bTCVwLMbdU2i', 1),
('7LzouaWGFCy4tkXDOOnEyM', 1),
('7nDYw1nNAW4dAqgmW2W3tq', 1),
('7xKgIO7hF7sbljmZa6TTEl', 1),
('0TK2YIli7K1leLovkQiNik', 2),
('1rqqCSm0Qe4I9rUvWncaom', 2),
('7LzouaWGFCy4tkXDOOnEyM', 2),
('18PergoIrGmRyeYxnaXJN2', 3),
('5KawlOMHjWeUjQtnuRs22c', 3),
('7jr3iPu4O4bTCVwLMbdU2i', 3),
('3gicyfiEVMGONgzygpWjNT', 4),
('5itOtNx0WxtJmi1TQ3RuRd', 4),
('0N8MGHEDAq29ip7RrlrTeN', 5),
('1tNJrcVe6gwLEiZCtprs1u', 5),
('2qxmye6gAegTMjLKEBoR3d', 5),
('7c4U2q0RQBPduq1aBTCQoY', 5),
('5PYQUBXc7NYeI1obMKSJK0', 6),
('5sdb5pMhcK44SSLsj1moUh', 6),
('6xtcFXSo8H9BZN637BMVKS', 6),
('7c4U2q0RQBPduq1aBTCQoY', 6),
('0TK2YIli7K1leLovkQiNik', 8),
('5w9c2J52mkdntKOmRLeM2m', 8);

INSERT INTO `tag` (`numTag`, `nomTag`) VALUES
(1, 'Pop'),
(2, 'Pop-Rock'),
(3, 'K-Pop'),
(4, 'Hip-Pop'),
(5, 'Musique Alternative/indé'),
(6, 'Electro-Pop'),
(7, 'R&B/Soul'),
(8, 'Pop-Latino'),
(9, 'Pop-Rap'),
(10, 'Country-Pop');

