INSERT INTO Auteur(numAuteur, nom, prenom) VALUES('7n2wHs1TKAczGzO7Dd2rGr', 'Shawn', 'Mendes');
INSERT INTO Auteur(numAuteur, nom, prenom) VALUES('4nDoRrQiYLoBzwC5BhVJzF', 'Camila', 'Cabello');
INSERT INTO Album(numAlbum, nomAlbum, anneeAlbum, imageAlbum) VALUES('2ZaX1FdZCwchXl1QZiD4O4', 'Señorita', '2019-06-21', 'https://i.scdn.co/image/848e61858fa76a1a1e262286a53c937dfba85237');
INSERT INTO Composer(numAuteur, numAlbum) VALUES('7n2wHs1TKAczGzO7Dd2rGr', '2ZaX1FdZCwchXl1QZiD4O4');
INSERT INTO Composer(numAuteur, numAlbum) VALUES('4nDoRrQiYLoBzwC5BhVJzF', '2ZaX1FdZCwchXl1QZiD4O4');
INSERT INTO Musique(numMusique, numAlbum, titre, duree) VALUES('0TK2YIli7K1leLovkQiNik', '2ZaX1FdZCwchXl1QZiD4O4', 'Señorita', '190960');
INSERT INTO Ecrire(numAuteur, numMusique) VALUES('7n2wHs1TKAczGzO7Dd2rGr', '0TK2YIli7K1leLovkQiNik');
INSERT INTO Ecrire(numAuteur, numMusique) VALUES('4nDoRrQiYLoBzwC5BhVJzF', '0TK2YIli7K1leLovkQiNik');
INSERT INTO Auteur(numAuteur, nom, prenom) VALUES('2wY79sveU1sp5g7SokKOiI', 'Sam', 'Smith');
INSERT INTO Album(numAlbum, nomAlbum, anneeAlbum, imageAlbum) VALUES('7baaCf70tVcUBL2bbkuXjo', 'How Do You Sleep?', '2019-07-19', 'https://i.scdn.co/image/fda61c404f630478426acfd6d0337834df521ebd');
INSERT INTO Composer(numAuteur, numAlbum) VALUES('2wY79sveU1sp5g7SokKOiI', '7baaCf70tVcUBL2bbkuXjo');
INSERT INTO Musique(numMusique, numAlbum, titre, duree) VALUES('6b2RcmUt1g9N9mQ3CbjX2Y', '7baaCf70tVcUBL2bbkuXjo', 'How Do You Sleep?', '202204');
INSERT INTO Ecrire(numAuteur, numMusique) VALUES('2wY79sveU1sp5g7SokKOiI', '6b2RcmUt1g9N9mQ3CbjX2Y');
INSERT INTO Auteur(numAuteur, nom, prenom) VALUES('6eUKZXaKkcviH0Ku9w2n3V', 'Ed', 'Sheeran');
INSERT INTO Auteur(numAuteur, nom, prenom) VALUES('6LuN9FCkKOj5PcnpouEgny', 'Khalid', 'null');
INSERT INTO Album(numAlbum, nomAlbum, anneeAlbum, imageAlbum) VALUES('3E12WU80fDMyu7GyIAx7wJ', 'Beautiful People (feat. Khalid)', '2019-06-28', 'https://i.scdn.co/image/ab67616d0000b273358f874d5d31e76a8fe3f6d0');
INSERT INTO Composer(numAuteur, numAlbum) VALUES('6eUKZXaKkcviH0Ku9w2n3V', '3E12WU80fDMyu7GyIAx7wJ');
INSERT INTO Composer(numAuteur, numAlbum) VALUES('6LuN9FCkKOj5PcnpouEgny', '3E12WU80fDMyu7GyIAx7wJ');
INSERT INTO Musique(numMusique, numAlbum, titre, duree) VALUES('4evmHXcjt3bTUHD1cvny97', '3E12WU80fDMyu7GyIAx7wJ', 'Beautiful People (feat. Khalid)', '197866');
INSERT INTO Ecrire(numAuteur, numMusique) VALUES('6eUKZXaKkcviH0Ku9w2n3V', '4evmHXcjt3bTUHD1cvny97');
INSERT INTO Ecrire(numAuteur, numMusique) VALUES('6LuN9FCkKOj5PcnpouEgny', '4evmHXcjt3bTUHD1cvny97');
INSERT INTO Auteur(numAuteur, nom, prenom) VALUES('2NjfBq1NflQcKSeiDooVjY', 'Tones', 'and');
INSERT INTO Album(numAlbum, nomAlbum, anneeAlbum, imageAlbum) VALUES('5i6CS5XcLZGLgaNCKlJvc2', 'Dance Monkey', '2019-05-10', 'https://i.scdn.co/image/ab67616d0000b273a0486913512ed5f9f62b5d56');
INSERT INTO Composer(numAuteur, numAlbum) VALUES('2NjfBq1NflQcKSeiDooVjY', '5i6CS5XcLZGLgaNCKlJvc2');
INSERT INTO Musique(numMusique, numAlbum, titre, duree) VALUES('421leiR6jKlH5KDdwLYrOs', '5i6CS5XcLZGLgaNCKlJvc2', 'Dance Monkey', '209754');
INSERT INTO Ecrire(numAuteur, numMusique) VALUES('2NjfBq1NflQcKSeiDooVjY', '421leiR6jKlH5KDdwLYrOs');
INSERT INTO Auteur(numAuteur, nom, prenom) VALUES('1uNFoZAHBGtllmzznpCI3s', 'Justin', 'Bieber');
INSERT INTO Album(numAlbum, nomAlbum, anneeAlbum, imageAlbum) VALUES('5Nux7ozBJ5KJ02QYWwrneR', 'I Don''t Care (with Justin Bieber)', '2019-05-10', 'https://i.scdn.co/image/ab67616d0000b27357cc434093fd4b6af7500fd8');
INSERT INTO Composer(numAuteur, numAlbum) VALUES('6eUKZXaKkcviH0Ku9w2n3V', '5Nux7ozBJ5KJ02QYWwrneR');
INSERT INTO Composer(numAuteur, numAlbum) VALUES('1uNFoZAHBGtllmzznpCI3s', '5Nux7ozBJ5KJ02QYWwrneR');
INSERT INTO Musique(numMusique, numAlbum, titre, duree) VALUES('3HVWdVOQ0ZA45FuZGSfvns', '5Nux7ozBJ5KJ02QYWwrneR', 'I Don''t Care (with Justin Bieber)', '219946');
INSERT INTO Ecrire(numAuteur, numMusique) VALUES('6eUKZXaKkcviH0Ku9w2n3V', '3HVWdVOQ0ZA45FuZGSfvns');
INSERT INTO Ecrire(numAuteur, numMusique) VALUES('1uNFoZAHBGtllmzznpCI3s', '3HVWdVOQ0ZA45FuZGSfvns');
INSERT INTO Auteur(numAuteur, nom, prenom) VALUES('69GGBxA162lTqCwzJG5jLp', 'The', 'Chainsmokers');
INSERT INTO Auteur(numAuteur, nom, prenom) VALUES('45eNHdiiabvmbp4erw26rg', 'ILLENIUM', 'null');
INSERT INTO Auteur(numAuteur, nom, prenom) VALUES('1cZQSpDsxgKIX2yW5OR9Ot', 'Lennon', 'Stella');
INSERT INTO Album(numAlbum, nomAlbum, anneeAlbum, imageAlbum) VALUES('1JawI0XkEwmQ5Bwef3RMbq', 'World War Joy...Takeaway', '2019-07-24', 'https://i.scdn.co/image/ab67616d0000b273830ba1c24fc9e3d59517e5ec');
INSERT INTO Composer(numAuteur, numAlbum) VALUES('69GGBxA162lTqCwzJG5jLp', '1JawI0XkEwmQ5Bwef3RMbq');
INSERT INTO Musique(numMusique, numAlbum, titre, duree) VALUES('6wo37KVqFJhtuxPTpLCcfe', '1JawI0XkEwmQ5Bwef3RMbq', 'Takeaway', '209893');
INSERT INTO Ecrire(numAuteur, numMusique) VALUES('69GGBxA162lTqCwzJG5jLp', '6wo37KVqFJhtuxPTpLCcfe');
INSERT INTO Ecrire(numAuteur, numMusique) VALUES('45eNHdiiabvmbp4erw26rg', '6wo37KVqFJhtuxPTpLCcfe');
INSERT INTO Ecrire(numAuteur, numMusique) VALUES('1cZQSpDsxgKIX2yW5OR9Ot', '6wo37KVqFJhtuxPTpLCcfe');
INSERT INTO Auteur(numAuteur, nom, prenom) VALUES('246dkjvS1zLTtiykXe5h60', 'Post', 'Malone');
INSERT INTO Album(numAlbum, nomAlbum, anneeAlbum, imageAlbum) VALUES('75n7rjlC1fxezRtoMQmtL5', 'Circles', '2019-08-30', 'https://i.scdn.co/image/c23fbd742f14105b5308571c7074acdb6c96904c');
INSERT INTO Composer(numAuteur, numAlbum) VALUES('246dkjvS1zLTtiykXe5h60', '75n7rjlC1fxezRtoMQmtL5');
INSERT INTO Musique(numMusique, numAlbum, titre, duree) VALUES('4VginDwYTP2eaHJzO0QMjG', '75n7rjlC1fxezRtoMQmtL5', 'Circles', '214906');
INSERT INTO Ecrire(numAuteur, numMusique) VALUES('246dkjvS1zLTtiykXe5h60', '4VginDwYTP2eaHJzO0QMjG');
INSERT INTO Auteur(numAuteur, nom, prenom) VALUES('4GNC7GD6oZMSxPGyXy4MNB', 'Lewis', 'Capaldi');
INSERT INTO Album(numAlbum, nomAlbum, anneeAlbum, imageAlbum) VALUES('5658aM19fA3JVwTK6eQX70', 'Divinely Uninspired To A Hellish Extent', '2019-05-17', 'https://i.scdn.co/image/f7a77846ac8a88f49145850d88fdd6bf33944773');
INSERT INTO Composer(numAuteur, numAlbum) VALUES('4GNC7GD6oZMSxPGyXy4MNB', '5658aM19fA3JVwTK6eQX70');
INSERT INTO Musique(numMusique, numAlbum, titre, duree) VALUES('7qEHsqek33rTcFNT9PFqLf', '5658aM19fA3JVwTK6eQX70', 'Someone You Loved', '182160');
INSERT INTO Ecrire(numAuteur, numMusique) VALUES('4GNC7GD6oZMSxPGyXy4MNB', '7qEHsqek33rTcFNT9PFqLf');
INSERT INTO Auteur(numAuteur, nom, prenom) VALUES('04gDigrS5kc9YWfZHwBETP', 'Maroon', '5');
INSERT INTO Album(numAlbum, nomAlbum, anneeAlbum, imageAlbum) VALUES('3nR9B40hYLKLcR0Eph3Goc', 'Memories', '2019-09-20', 'https://i.scdn.co/image/5b70313db3a032aa13d85ac0e78340e292c2812b');
INSERT INTO Composer(numAuteur, numAlbum) VALUES('04gDigrS5kc9YWfZHwBETP', '3nR9B40hYLKLcR0Eph3Goc');
INSERT INTO Musique(numMusique, numAlbum, titre, duree) VALUES('2b8fOow8UzyDFAE27YhOZM', '3nR9B40hYLKLcR0Eph3Goc', 'Memories', '189486');
INSERT INTO Ecrire(numAuteur, numMusique) VALUES('04gDigrS5kc9YWfZHwBETP', '2b8fOow8UzyDFAE27YhOZM');
INSERT INTO Auteur(numAuteur, nom, prenom) VALUES('7jVv8c5Fj3E9VhNjxT4snq', 'Lil', 'Nas');
INSERT INTO Auteur(numAuteur, nom, prenom) VALUES('60rpJ9SgigSd16DOAG7GSa', 'Billy', 'Ray');
INSERT INTO Album(numAlbum, nomAlbum, anneeAlbum, imageAlbum) VALUES('38kpkGLuPr1nNfD3iEyOlJ', 'Old Town Road', '2019-04-05', 'https://i.scdn.co/image/2cc54e7570d470966be2def87590dfa84f87076f');
INSERT INTO Composer(numAuteur, numAlbum) VALUES('7jVv8c5Fj3E9VhNjxT4snq', '38kpkGLuPr1nNfD3iEyOlJ');
INSERT INTO Musique(numMusique, numAlbum, titre, duree) VALUES('6u7jPi22kF8CTQ3rb9DHE7', '38kpkGLuPr1nNfD3iEyOlJ', 'Old Town Road (feat. Billy Ray Cyrus) - Remix', '157066');
INSERT INTO Ecrire(numAuteur, numMusique) VALUES('7jVv8c5Fj3E9VhNjxT4snq', '6u7jPi22kF8CTQ3rb9DHE7');
INSERT INTO Ecrire(numAuteur, numMusique) VALUES('60rpJ9SgigSd16DOAG7GSa', '6u7jPi22kF8CTQ3rb9DHE7');
INSERT INTO Auteur(numAuteur, nom, prenom) VALUES('64M6ah0SkkRsnPGtGiRAbb', 'Bebe', 'Rexha');
INSERT INTO Album(numAlbum, nomAlbum, anneeAlbum, imageAlbum) VALUES('1ONuDpN0a3zhCUyKCgtuzK', 'World War Joy', '2019-05-31', 'https://i.scdn.co/image/8edd8bc03d2c2c92b52d0b908e300acc4b9c98a2');
INSERT INTO Composer(numAuteur, numAlbum) VALUES('69GGBxA162lTqCwzJG5jLp', '1ONuDpN0a3zhCUyKCgtuzK');
INSERT INTO Musique(numMusique, numAlbum, titre, duree) VALUES('05CwHjIk71RXVU40boRMnR', '1ONuDpN0a3zhCUyKCgtuzK', 'Call You Mine', '217653');
INSERT INTO Ecrire(numAuteur, numMusique) VALUES('69GGBxA162lTqCwzJG5jLp', '05CwHjIk71RXVU40boRMnR');
INSERT INTO Ecrire(numAuteur, numMusique) VALUES('64M6ah0SkkRsnPGtGiRAbb', '05CwHjIk71RXVU40boRMnR');
INSERT INTO Album(numAlbum, nomAlbum, anneeAlbum, imageAlbum) VALUES('3xgS4rfthlsvhW7J2WLiiR', 'Liar', '2019-09-04', 'https://i.scdn.co/image/c2fe77a00e77c9d5fc25a4c99b960705561f9e21');
INSERT INTO Composer(numAuteur, numAlbum) VALUES('4nDoRrQiYLoBzwC5BhVJzF', '3xgS4rfthlsvhW7J2WLiiR');
INSERT INTO Musique(numMusique, numAlbum, titre, duree) VALUES('7LzouaWGFCy4tkXDOOnEyM', '3xgS4rfthlsvhW7J2WLiiR', 'Liar', '207038');
INSERT INTO Ecrire(numAuteur, numMusique) VALUES('4nDoRrQiYLoBzwC5BhVJzF', '7LzouaWGFCy4tkXDOOnEyM');
INSERT INTO Auteur(numAuteur, nom, prenom) VALUES('540vIaP2JwjQb9dm3aArA4', 'DJ', 'Snake');
INSERT INTO Auteur(numAuteur, nom, prenom) VALUES('1vyhD5VmyZ7KMfW5gqLgo5', 'J', 'Balvin');
INSERT INTO Auteur(numAuteur, nom, prenom) VALUES('5LHRHt1k9lMyONurDHEdrp', 'Tyga', 'null');
INSERT INTO Album(numAlbum, nomAlbum, anneeAlbum, imageAlbum) VALUES('3HXHo0qkSUO4M9p6PEnA01', 'Loco Contigo (with J. Balvin & Tyga)', '2019-06-13', 'https://i.scdn.co/image/0c8ceca9558adee17787f683ac27f05aeddd03a5');
INSERT INTO Composer(numAuteur, numAlbum) VALUES('540vIaP2JwjQb9dm3aArA4', '3HXHo0qkSUO4M9p6PEnA01');
INSERT INTO Composer(numAuteur, numAlbum) VALUES('1vyhD5VmyZ7KMfW5gqLgo5', '3HXHo0qkSUO4M9p6PEnA01');
INSERT INTO Composer(numAuteur, numAlbum) VALUES('5LHRHt1k9lMyONurDHEdrp', '3HXHo0qkSUO4M9p6PEnA01');
INSERT INTO Musique(numMusique, numAlbum, titre, duree) VALUES('1f38Gx6xQz6r4H1jGVNBJo', '3HXHo0qkSUO4M9p6PEnA01', 'Loco Contigo (with J. Balvin & Tyga)', '185194');
INSERT INTO Ecrire(numAuteur, numMusique) VALUES('540vIaP2JwjQb9dm3aArA4', '1f38Gx6xQz6r4H1jGVNBJo');
INSERT INTO Ecrire(numAuteur, numMusique) VALUES('1vyhD5VmyZ7KMfW5gqLgo5', '1f38Gx6xQz6r4H1jGVNBJo');
INSERT INTO Ecrire(numAuteur, numMusique) VALUES('5LHRHt1k9lMyONurDHEdrp', '1f38Gx6xQz6r4H1jGVNBJo');
INSERT INTO Auteur(numAuteur, nom, prenom) VALUES('5Pwc4xIPtQLFEnJriah9YJ', 'OneRepublic', 'null');
INSERT INTO Album(numAlbum, nomAlbum, anneeAlbum, imageAlbum) VALUES('57BhVBJbVPfIbwLANO5fSe', 'Rescue Me', '2019-05-17', 'https://i.scdn.co/image/e4acb5df8528cb1ea2fde55ba929dea6f2ec15a5');
INSERT INTO Composer(numAuteur, numAlbum) VALUES('5Pwc4xIPtQLFEnJriah9YJ', '57BhVBJbVPfIbwLANO5fSe');
INSERT INTO Musique(numMusique, numAlbum, titre, duree) VALUES('0mjAU3yKR1QnXnHtjGJqTM', '57BhVBJbVPfIbwLANO5fSe', 'Rescue Me', '158899');
INSERT INTO Ecrire(numAuteur, numMusique) VALUES('5Pwc4xIPtQLFEnJriah9YJ', '0mjAU3yKR1QnXnHtjGJqTM');
INSERT INTO Auteur(numAuteur, nom, prenom) VALUES('1sdnOXw9epamqw5ERPK8T5', 'Valntn', 'null');
INSERT INTO Auteur(numAuteur, nom, prenom) VALUES('6n4qDgsuoohAN5Q7HebLvU', 'Naliya', 'null');
INSERT INTO Album(numAlbum, nomAlbum, anneeAlbum, imageAlbum) VALUES('1sEK3rkUCHa84a81iWm8gT', 'Sunday Love', '2018-11-15', 'https://i.scdn.co/image/ab67616d0000b27375e132a144c7c3c591e46d89');
INSERT INTO Composer(numAuteur, numAlbum) VALUES('1sdnOXw9epamqw5ERPK8T5', '1sEK3rkUCHa84a81iWm8gT');
INSERT INTO Composer(numAuteur, numAlbum) VALUES('6n4qDgsuoohAN5Q7HebLvU', '1sEK3rkUCHa84a81iWm8gT');
INSERT INTO Musique(numMusique, numAlbum, titre, duree) VALUES('7FtQLQTo7fFPkM855kmAwm', '1sEK3rkUCHa84a81iWm8gT', 'Sunday Love', '213500');
INSERT INTO Ecrire(numAuteur, numMusique) VALUES('1sdnOXw9epamqw5ERPK8T5', '7FtQLQTo7fFPkM855kmAwm');
INSERT INTO Ecrire(numAuteur, numMusique) VALUES('6n4qDgsuoohAN5Q7HebLvU', '7FtQLQTo7fFPkM855kmAwm');
INSERT INTO Album(numAlbum, nomAlbum, anneeAlbum, imageAlbum) VALUES('1J2BrRxtQjVUa7X9Ne99xD', 'If I Can''t Have You', '2019-05-03', 'https://i.scdn.co/image/50a23762ffe11c9f8d82450b6015f2d3685b5fe6');
INSERT INTO Composer(numAuteur, numAlbum) VALUES('7n2wHs1TKAczGzO7Dd2rGr', '1J2BrRxtQjVUa7X9Ne99xD');
INSERT INTO Musique(numMusique, numAlbum, titre, duree) VALUES('6LsAAHotRLMOHfCsSfYCsz', '1J2BrRxtQjVUa7X9Ne99xD', 'If I Can''t Have You', '190800');
INSERT INTO Ecrire(numAuteur, numMusique) VALUES('7n2wHs1TKAczGzO7Dd2rGr', '6LsAAHotRLMOHfCsSfYCsz');
INSERT INTO Auteur(numAuteur, nom, prenom) VALUES('66CXWjxzNUsdJxJ2JdwvnR', 'Ariana', 'Grande');
INSERT INTO Auteur(numAuteur, nom, prenom) VALUES('5YGY8feqx7naU7z4HrwZM6', 'Miley', 'Cyrus');
INSERT INTO Auteur(numAuteur, nom, prenom) VALUES('00FQb4jTyendYWaN8pK0wa', 'Lana', 'Del');
INSERT INTO Album(numAlbum, nomAlbum, anneeAlbum, imageAlbum) VALUES('2qWVO5SXPdWAECnwEWYOJH', 'Don’t Call Me Angel (Charlie’s Angels)', '2019-09-13', 'https://i.scdn.co/image/0c787cbae7d6a27eff84c5a853b3397cfed47a8e');
INSERT INTO Composer(numAuteur, numAlbum) VALUES('66CXWjxzNUsdJxJ2JdwvnR', '2qWVO5SXPdWAECnwEWYOJH');
INSERT INTO Composer(numAuteur, numAlbum) VALUES('5YGY8feqx7naU7z4HrwZM6', '2qWVO5SXPdWAECnwEWYOJH');
INSERT INTO Composer(numAuteur, numAlbum) VALUES('00FQb4jTyendYWaN8pK0wa', '2qWVO5SXPdWAECnwEWYOJH');
INSERT INTO Musique(numMusique, numAlbum, titre, duree) VALUES('3NkJNL3WqO1Lqc3uNDxvCN', '2qWVO5SXPdWAECnwEWYOJH', 'Don’t Call Me Angel (Charlie’s Angels) (with Miley Cyrus & Lana Del Rey)', '190106');
INSERT INTO Ecrire(numAuteur, numMusique) VALUES('66CXWjxzNUsdJxJ2JdwvnR', '3NkJNL3WqO1Lqc3uNDxvCN');
INSERT INTO Ecrire(numAuteur, numMusique) VALUES('5YGY8feqx7naU7z4HrwZM6', '3NkJNL3WqO1Lqc3uNDxvCN');
INSERT INTO Ecrire(numAuteur, numMusique) VALUES('00FQb4jTyendYWaN8pK0wa', '3NkJNL3WqO1Lqc3uNDxvCN');
INSERT INTO Auteur(numAuteur, nom, prenom) VALUES('6qqNVTkY8uBg9cP3Jd7DAH', 'Billie', 'Eilish');
INSERT INTO Album(numAlbum, nomAlbum, anneeAlbum, imageAlbum) VALUES('0S0KGZnfBGSIssfF54WSJh', 'WHEN WE ALL FALL ASLEEP, WHERE DO WE GO?', '2019-03-29', 'https://i.scdn.co/image/cd89c09ece48d687d4b6a894e28300064ade5512');
INSERT INTO Composer(numAuteur, numAlbum) VALUES('6qqNVTkY8uBg9cP3Jd7DAH', '0S0KGZnfBGSIssfF54WSJh');
INSERT INTO Musique(numMusique, numAlbum, titre, duree) VALUES('2Fxmhks0bxGSBdJ92vM42m', '0S0KGZnfBGSIssfF54WSJh', 'bad guy', '194087');
INSERT INTO Ecrire(numAuteur, numMusique) VALUES('6qqNVTkY8uBg9cP3Jd7DAH', '2Fxmhks0bxGSBdJ92vM42m');
INSERT INTO Auteur(numAuteur, nom, prenom) VALUES('6jJ0s89eD6GaHleKKya26X', 'Katy', 'Perry');
INSERT INTO Album(numAlbum, nomAlbum, anneeAlbum, imageAlbum) VALUES('3KjXg0MDej2pG9fv6I22lT', 'Never Really Over', '2019-05-31', 'https://i.scdn.co/image/9924ffd7e36305f5c259991c1e5e8cee4ba8b0bf');
INSERT INTO Composer(numAuteur, numAlbum) VALUES('6jJ0s89eD6GaHleKKya26X', '3KjXg0MDej2pG9fv6I22lT');
INSERT INTO Musique(numMusique, numAlbum, titre, duree) VALUES('5PYQUBXc7NYeI1obMKSJK0', '3KjXg0MDej2pG9fv6I22lT', 'Never Really Over', '223523');
INSERT INTO Ecrire(numAuteur, numMusique) VALUES('6jJ0s89eD6GaHleKKya26X', '5PYQUBXc7NYeI1obMKSJK0');
INSERT INTO Auteur(numAuteur, nom, prenom) VALUES('0X2BH1fck6amBIoJhDVmmJ', 'Ellie', 'Goulding');
INSERT INTO Auteur(numAuteur, nom, prenom) VALUES('4MCBfE4596Uoi2O4DtmEMz', 'Juice', 'WRLD');
INSERT INTO Album(numAlbum, nomAlbum, anneeAlbum, imageAlbum) VALUES('29FoTD5vBY3Fq1QWhbl3FM', 'Hate Me (with Juice WRLD)', '2019-06-26', 'https://i.scdn.co/image/363bf71870dbf5575989f45dd5450679ebd01a86');
INSERT INTO Composer(numAuteur, numAlbum) VALUES('0X2BH1fck6amBIoJhDVmmJ', '29FoTD5vBY3Fq1QWhbl3FM');
INSERT INTO Composer(numAuteur, numAlbum) VALUES('4MCBfE4596Uoi2O4DtmEMz', '29FoTD5vBY3Fq1QWhbl3FM');
INSERT INTO Musique(numMusique, numAlbum, titre, duree) VALUES('6kls8cSlUyHW2BUOkDJIZE', '29FoTD5vBY3Fq1QWhbl3FM', 'Hate Me (with Juice WRLD)', '186223');
INSERT INTO Ecrire(numAuteur, numMusique) VALUES('0X2BH1fck6amBIoJhDVmmJ', '6kls8cSlUyHW2BUOkDJIZE');
INSERT INTO Ecrire(numAuteur, numMusique) VALUES('4MCBfE4596Uoi2O4DtmEMz', '6kls8cSlUyHW2BUOkDJIZE');
INSERT INTO Auteur(numAuteur, nom, prenom) VALUES('4kYSro6naA4h99UJvo89HB', 'Cardi', 'B');
INSERT INTO Album(numAlbum, nomAlbum, anneeAlbum, imageAlbum) VALUES('3oIFxDIo2fwuk4lwCmFZCx', 'No.6 Collaborations Project', '2019-07-12', 'https://i.scdn.co/image/ab67616d0000b273a53a148d92ce7afa20229e49');
INSERT INTO Composer(numAuteur, numAlbum) VALUES('6eUKZXaKkcviH0Ku9w2n3V', '3oIFxDIo2fwuk4lwCmFZCx');
INSERT INTO Musique(numMusique, numAlbum, titre, duree) VALUES('4vUmTMuQqjdnvlZmAH61Qk', '3oIFxDIo2fwuk4lwCmFZCx', 'South of the Border (feat. Camila Cabello & Cardi B)', '204466');
INSERT INTO Ecrire(numAuteur, numMusique) VALUES('6eUKZXaKkcviH0Ku9w2n3V', '4vUmTMuQqjdnvlZmAH61Qk');
INSERT INTO Ecrire(numAuteur, numMusique) VALUES('4nDoRrQiYLoBzwC5BhVJzF', '4vUmTMuQqjdnvlZmAH61Qk');
INSERT INTO Ecrire(numAuteur, numMusique) VALUES('4kYSro6naA4h99UJvo89HB', '4vUmTMuQqjdnvlZmAH61Qk');
INSERT INTO Auteur(numAuteur, nom, prenom) VALUES('4rTv3Ejc7hKMtmoBOK1B4T', 'Ali', 'Gatie');
INSERT INTO Album(numAlbum, nomAlbum, anneeAlbum, imageAlbum) VALUES('40vQONzvJb6sKejDN3eWza', 'It''s You', '2019-06-14', 'https://i.scdn.co/image/ab67616d0000b273c1d281f747062f4687df6a9c');
INSERT INTO Composer(numAuteur, numAlbum) VALUES('4rTv3Ejc7hKMtmoBOK1B4T', '40vQONzvJb6sKejDN3eWza');
INSERT INTO Musique(numMusique, numAlbum, titre, duree) VALUES('6moU77g9RQyMzHNuKEaQKq', '40vQONzvJb6sKejDN3eWza', 'It''s You', '212606');
INSERT INTO Ecrire(numAuteur, numMusique) VALUES('4rTv3Ejc7hKMtmoBOK1B4T', '6moU77g9RQyMzHNuKEaQKq');
INSERT INTO Auteur(numAuteur, nom, prenom) VALUES('4Z6yPeF2Ytgp3tZATwf6Jw', 'Sedric', 'Perry');
INSERT INTO Album(numAlbum, nomAlbum, anneeAlbum, imageAlbum) VALUES('1ifOcY0GEth5y4yRC4suyI', 'Naked', '2019-06-28', 'https://i.scdn.co/image/bab60ad3495515958467e53f14169ff8afe908bb');
INSERT INTO Composer(numAuteur, numAlbum) VALUES('4Z6yPeF2Ytgp3tZATwf6Jw', '1ifOcY0GEth5y4yRC4suyI');
INSERT INTO Musique(numMusique, numAlbum, titre, duree) VALUES('7c4U2q0RQBPduq1aBTCQoY', '1ifOcY0GEth5y4yRC4suyI', 'Naked', '214077');
INSERT INTO Ecrire(numAuteur, numMusique) VALUES('4Z6yPeF2Ytgp3tZATwf6Jw', '7c4U2q0RQBPduq1aBTCQoY');
INSERT INTO Auteur(numAuteur, nom, prenom) VALUES('5IH6FPUwQTxPSXurCrcIov', 'Alec', 'Benjamin');
INSERT INTO Album(numAlbum, nomAlbum, anneeAlbum, imageAlbum) VALUES('2aygqrnBUbPolcC6H1GUPS', 'Jesus In LA', '2019-07-16', 'https://i.scdn.co/image/0eafad6aab465ffa19ba46d2ab22a2111717eb9c');
INSERT INTO Composer(numAuteur, numAlbum) VALUES('5IH6FPUwQTxPSXurCrcIov', '2aygqrnBUbPolcC6H1GUPS');
INSERT INTO Musique(numMusique, numAlbum, titre, duree) VALUES('5i2JGF65pHKSfMEjSMrBC3', '2aygqrnBUbPolcC6H1GUPS', 'Jesus In LA', '172606');
INSERT INTO Ecrire(numAuteur, numMusique) VALUES('5IH6FPUwQTxPSXurCrcIov', '5i2JGF65pHKSfMEjSMrBC3');
INSERT INTO Auteur(numAuteur, nom, prenom) VALUES('7gOdHgIoIKoe4i9Tta6qdD', 'Jonas', 'Brothers');
INSERT INTO Album(numAlbum, nomAlbum, anneeAlbum, imageAlbum) VALUES('1Uf67JAtkVWfdydzFFqNF2', 'Happiness Begins', '2019-06-07', 'https://i.scdn.co/image/c342eb9057635f67484812b77d31dd97ae4a3f24');
INSERT INTO Composer(numAuteur, numAlbum) VALUES('7gOdHgIoIKoe4i9Tta6qdD', '1Uf67JAtkVWfdydzFFqNF2');
INSERT INTO Musique(numMusique, numAlbum, titre, duree) VALUES('0DiDStADDVh3SvAsoJAFMk', '1Uf67JAtkVWfdydzFFqNF2', 'Only Human', '183000');
INSERT INTO Ecrire(numAuteur, numMusique) VALUES('7gOdHgIoIKoe4i9Tta6qdD', '0DiDStADDVh3SvAsoJAFMk');
INSERT INTO Auteur(numAuteur, nom, prenom) VALUES('1vCWHaC5f2uS3yhpwWbIA6', 'Avicii', 'null');
INSERT INTO Auteur(numAuteur, nom, prenom) VALUES('0id62QV2SZZfvBn9xpmuCl', 'Aloe', 'Blacc');
INSERT INTO Album(numAlbum, nomAlbum, anneeAlbum, imageAlbum) VALUES('6Ad1E9vl75ZB3Ir87zwXIJ', 'TIM', '2019-06-06', 'https://i.scdn.co/image/b04be8ad2850e2e21ac9f951c06651ccf8150ecc');
INSERT INTO Composer(numAuteur, numAlbum) VALUES('1vCWHaC5f2uS3yhpwWbIA6', '6Ad1E9vl75ZB3Ir87zwXIJ');
INSERT INTO Musique(numMusique, numAlbum, titre, duree) VALUES('2x0RZdkZcD8QRI53XT4GI5', '6Ad1E9vl75ZB3Ir87zwXIJ', 'SOS (feat. Aloe Blacc)', '157202');
INSERT INTO Ecrire(numAuteur, numMusique) VALUES('1vCWHaC5f2uS3yhpwWbIA6', '2x0RZdkZcD8QRI53XT4GI5');
INSERT INTO Ecrire(numAuteur, numMusique) VALUES('0id62QV2SZZfvBn9xpmuCl', '2x0RZdkZcD8QRI53XT4GI5');
INSERT INTO Auteur(numAuteur, nom, prenom) VALUES('64KEffDW9EtZ1y2vBYgq8T', 'Marshmello', 'null');
INSERT INTO Auteur(numAuteur, nom, prenom) VALUES('3CjlHNtplJyTf9npxaPl5w', 'CHVRCHES', 'null');
INSERT INTO Album(numAlbum, nomAlbum, anneeAlbum, imageAlbum) VALUES('6NHS3hV16MZyfcp0nSHdrd', 'Here With Me', '2019-03-08', 'https://i.scdn.co/image/62d8ce6e4bc3485023c6997de7c466bc374d1d9b');
INSERT INTO Composer(numAuteur, numAlbum) VALUES('64KEffDW9EtZ1y2vBYgq8T', '6NHS3hV16MZyfcp0nSHdrd');
INSERT INTO Composer(numAuteur, numAlbum) VALUES('3CjlHNtplJyTf9npxaPl5w', '6NHS3hV16MZyfcp0nSHdrd');
INSERT INTO Musique(numMusique, numAlbum, titre, duree) VALUES('5icOoE6VgqFKohjWWNp0Ac', '6NHS3hV16MZyfcp0nSHdrd', 'Here With Me', '156346');
INSERT INTO Ecrire(numAuteur, numMusique) VALUES('64KEffDW9EtZ1y2vBYgq8T', '5icOoE6VgqFKohjWWNp0Ac');
INSERT INTO Ecrire(numAuteur, numMusique) VALUES('3CjlHNtplJyTf9npxaPl5w', '5icOoE6VgqFKohjWWNp0Ac');
INSERT INTO Auteur(numAuteur, nom, prenom) VALUES('26VFTg2z8YR0cCuwLzESi2', 'Halsey', 'null');
INSERT INTO Album(numAlbum, nomAlbum, anneeAlbum, imageAlbum) VALUES('66QwiCFDLtRbrZ5Vs9wlL9', 'Graveyard', '2019-09-13', 'https://i.scdn.co/image/83920504446bc3c4a6fbfc2618f30621f945b745');
INSERT INTO Composer(numAuteur, numAlbum) VALUES('26VFTg2z8YR0cCuwLzESi2', '66QwiCFDLtRbrZ5Vs9wlL9');
INSERT INTO Musique(numMusique, numAlbum, titre, duree) VALUES('6V9fHiv84WlVTg7CSnIVY2', '66QwiCFDLtRbrZ5Vs9wlL9', 'Graveyard', '181805');
INSERT INTO Ecrire(numAuteur, numMusique) VALUES('26VFTg2z8YR0cCuwLzESi2', '6V9fHiv84WlVTg7CSnIVY2');
INSERT INTO Auteur(numAuteur, nom, prenom) VALUES('06HL4z0CvFAxyc27GXpf02', 'Taylor', 'Swift');
INSERT INTO Album(numAlbum, nomAlbum, anneeAlbum, imageAlbum) VALUES('21dd5QyItuoqvPkViQXlKf', 'You Need To Calm Down', '2019-06-14', 'https://i.scdn.co/image/6441b3a54e720b0fab3646c89ef35869d559414d');
INSERT INTO Composer(numAuteur, numAlbum) VALUES('06HL4z0CvFAxyc27GXpf02', '21dd5QyItuoqvPkViQXlKf');
INSERT INTO Musique(numMusique, numAlbum, titre, duree) VALUES('29fRTIKsJhLUJoldM89GZS', '21dd5QyItuoqvPkViQXlKf', 'You Need To Calm Down', '171386');
INSERT INTO Ecrire(numAuteur, numMusique) VALUES('06HL4z0CvFAxyc27GXpf02', '29fRTIKsJhLUJoldM89GZS');
INSERT INTO Auteur(numAuteur, nom, prenom) VALUES('4npEfmQ6YuiwW1GpUmaq3F', 'Ava', 'Max');
INSERT INTO Album(numAlbum, nomAlbum, anneeAlbum, imageAlbum) VALUES('7CdLU3GgPy1PH5FVsrPlyA', 'Sweet but Psycho', '2018-08-17', 'https://i.scdn.co/image/9f92262af6d017302030d673f2826260b777edaf');
INSERT INTO Composer(numAuteur, numAlbum) VALUES('4npEfmQ6YuiwW1GpUmaq3F', '7CdLU3GgPy1PH5FVsrPlyA');
INSERT INTO Musique(numMusique, numAlbum, titre, duree) VALUES('25sgk305KZfyuqVBQIahim', '7CdLU3GgPy1PH5FVsrPlyA', 'Sweet but Psycho', '187436');
INSERT INTO Ecrire(numAuteur, numMusique) VALUES('4npEfmQ6YuiwW1GpUmaq3F', '25sgk305KZfyuqVBQIahim');
INSERT INTO Auteur(numAuteur, nom, prenom) VALUES('5lrz0mrA1LeRygTr1pOWQ8', 'Kat', 'Saul');
INSERT INTO Album(numAlbum, nomAlbum, anneeAlbum, imageAlbum) VALUES('5Kh9C0tc6o7NEy9t0n2Mtg', 'I Love To Hate You', '2019-10-01', 'https://i.scdn.co/image/7bc369485e09d080c88c0dd32cdcd0769ff8666b');
INSERT INTO Composer(numAuteur, numAlbum) VALUES('5lrz0mrA1LeRygTr1pOWQ8', '5Kh9C0tc6o7NEy9t0n2Mtg');
INSERT INTO Musique(numMusique, numAlbum, titre, duree) VALUES('4lSf7DQIzKA9tWFBSUfD1f', '5Kh9C0tc6o7NEy9t0n2Mtg', 'I Love To Hate You', '137600');
INSERT INTO Ecrire(numAuteur, numMusique) VALUES('5lrz0mrA1LeRygTr1pOWQ8', '4lSf7DQIzKA9tWFBSUfD1f');
INSERT INTO Auteur(numAuteur, nom, prenom) VALUES('0Y5tJX1MQlPlqiwlOH1tJY', 'Travis', 'Scott');
INSERT INTO Album(numAlbum, nomAlbum, anneeAlbum, imageAlbum) VALUES('5oUZ9TEZR3wOdvqzowuNwl', 'No.6 Collaborations Project', '2019-07-12', 'https://i.scdn.co/image/ab67616d0000b2737ed2a6d678a53a5959b2894f');
INSERT INTO Composer(numAuteur, numAlbum) VALUES('6eUKZXaKkcviH0Ku9w2n3V', '5oUZ9TEZR3wOdvqzowuNwl');
INSERT INTO Musique(numMusique, numAlbum, titre, duree) VALUES('0Tdh0VTkzmPGeAQIXHYhVJ', '5oUZ9TEZR3wOdvqzowuNwl', 'Antisocial (with Travis Scott)', '161746');
INSERT INTO Ecrire(numAuteur, numMusique) VALUES('6eUKZXaKkcviH0Ku9w2n3V', '0Tdh0VTkzmPGeAQIXHYhVJ');
INSERT INTO Ecrire(numAuteur, numMusique) VALUES('0Y5tJX1MQlPlqiwlOH1tJY', '0Tdh0VTkzmPGeAQIXHYhVJ');
INSERT INTO Album(numAlbum, nomAlbum, anneeAlbum, imageAlbum) VALUES('3ubteGlws5KJiIDSn45zz8', 'Panini', '2019-06-20', 'https://i.scdn.co/image/ab67616d0000b2734c81e8d88cb5e4b0eb195bd7');
INSERT INTO Composer(numAuteur, numAlbum) VALUES('7jVv8c5Fj3E9VhNjxT4snq', '3ubteGlws5KJiIDSn45zz8');
INSERT INTO Musique(numMusique, numAlbum, titre, duree) VALUES('68poZGRClFTzLdeRz9X0M2', '3ubteGlws5KJiIDSn45zz8', 'Panini', '114893');
INSERT INTO Ecrire(numAuteur, numMusique) VALUES('7jVv8c5Fj3E9VhNjxT4snq', '68poZGRClFTzLdeRz9X0M2');
INSERT INTO Auteur(numAuteur, nom, prenom) VALUES('3EOEK57CV77D4ovYVcmiyt', 'Dennis', 'Lloyd');
INSERT INTO Album(numAlbum, nomAlbum, anneeAlbum, imageAlbum) VALUES('5EqITahBSjWcU71mbhFPEf', 'Never Go Back', '2019-02-15', 'https://i.scdn.co/image/ab67616d0000b2733e5170dca1d41c6ab6824506');
INSERT INTO Composer(numAuteur, numAlbum) VALUES('3EOEK57CV77D4ovYVcmiyt', '5EqITahBSjWcU71mbhFPEf');
INSERT INTO Musique(numMusique, numAlbum, titre, duree) VALUES('2QrXzOqLCVDRZHkToA0tSR', '5EqITahBSjWcU71mbhFPEf', 'Never Go Back', '175424');
INSERT INTO Ecrire(numAuteur, numMusique) VALUES('3EOEK57CV77D4ovYVcmiyt', '2QrXzOqLCVDRZHkToA0tSR');
INSERT INTO Auteur(numAuteur, nom, prenom) VALUES('3hv9jJF3adDNsBSIQDqcjp', 'Mark', 'Ronson');
INSERT INTO Album(numAlbum, nomAlbum, anneeAlbum, imageAlbum) VALUES('1GySemCUsaTUREhIPAF3hH', 'Find U Again (feat. Camila Cabello)', '2019-05-30', 'https://i.scdn.co/image/22eb5aa5fbeb3aa0eac5c3de68c642e998b54f51');
INSERT INTO Composer(numAuteur, numAlbum) VALUES('3hv9jJF3adDNsBSIQDqcjp', '1GySemCUsaTUREhIPAF3hH');
INSERT INTO Composer(numAuteur, numAlbum) VALUES('4nDoRrQiYLoBzwC5BhVJzF', '1GySemCUsaTUREhIPAF3hH');
INSERT INTO Musique(numMusique, numAlbum, titre, duree) VALUES('1HpzOCZbNWzxvvXfSGtSrX', '1GySemCUsaTUREhIPAF3hH', 'Find U Again (feat. Camila Cabello)', '176416');
INSERT INTO Ecrire(numAuteur, numMusique) VALUES('3hv9jJF3adDNsBSIQDqcjp', '1HpzOCZbNWzxvvXfSGtSrX');
INSERT INTO Ecrire(numAuteur, numMusique) VALUES('4nDoRrQiYLoBzwC5BhVJzF', '1HpzOCZbNWzxvvXfSGtSrX');
INSERT INTO Auteur(numAuteur, nom, prenom) VALUES('1HBjj22wzbscIZ9sEb5dyf', 'Jonas', 'Blue');
INSERT INTO Auteur(numAuteur, nom, prenom) VALUES('6t9tbRO9Lv6Oq6xtVwfdrn', 'Theresa', 'Rex');
INSERT INTO Album(numAlbum, nomAlbum, anneeAlbum, imageAlbum) VALUES('6gPZmYBSipug1asf4zu9jh', 'What I Like About You (feat. Theresa Rex)', '2019-03-22', 'https://i.scdn.co/image/7ca2a131795f9093d85491df03c925dbe28875b7');
INSERT INTO Composer(numAuteur, numAlbum) VALUES('1HBjj22wzbscIZ9sEb5dyf', '6gPZmYBSipug1asf4zu9jh');
INSERT INTO Composer(numAuteur, numAlbum) VALUES('6t9tbRO9Lv6Oq6xtVwfdrn', '6gPZmYBSipug1asf4zu9jh');
INSERT INTO Musique(numMusique, numAlbum, titre, duree) VALUES('4NSW0Km5ZG60L8FthUebPJ', '6gPZmYBSipug1asf4zu9jh', 'What I Like About You (feat. Theresa Rex)', '220396');
INSERT INTO Ecrire(numAuteur, numMusique) VALUES('1HBjj22wzbscIZ9sEb5dyf', '4NSW0Km5ZG60L8FthUebPJ');
INSERT INTO Ecrire(numAuteur, numMusique) VALUES('6t9tbRO9Lv6Oq6xtVwfdrn', '4NSW0Km5ZG60L8FthUebPJ');
INSERT INTO Musique(numMusique, numAlbum, titre, duree) VALUES('0vrmHPfoBadXVr2n0m1aqZ', '6Ad1E9vl75ZB3Ir87zwXIJ', 'Heaven', '277261');
INSERT INTO Ecrire(numAuteur, numMusique) VALUES('1vCWHaC5f2uS3yhpwWbIA6', '0vrmHPfoBadXVr2n0m1aqZ');
INSERT INTO Auteur(numAuteur, nom, prenom) VALUES('6USv9qhCn6zfxlBQIYJ9qs', 'Dominic', 'Fike');
INSERT INTO Album(numAlbum, nomAlbum, anneeAlbum, imageAlbum) VALUES('1DNx0H5ZX1ax3yyRwtgT4S', 'Don''t Forget About Me, Demos', '2018-10-16', 'https://i.scdn.co/image/ab67616d0000b2734a42166d927b3acce345c5c0');
INSERT INTO Composer(numAuteur, numAlbum) VALUES('6USv9qhCn6zfxlBQIYJ9qs', '1DNx0H5ZX1ax3yyRwtgT4S');
INSERT INTO Musique(numMusique, numAlbum, titre, duree) VALUES('1tNJrcVe6gwLEiZCtprs1u', '1DNx0H5ZX1ax3yyRwtgT4S', '3 Nights', '177666');
INSERT INTO Ecrire(numAuteur, numMusique) VALUES('6USv9qhCn6zfxlBQIYJ9qs', '1tNJrcVe6gwLEiZCtprs1u');
INSERT INTO Auteur(numAuteur, nom, prenom) VALUES('6CoTYzOyg2NW2OUEFaSTxO', 'Hurley', 'Mower');
INSERT INTO Album(numAlbum, nomAlbum, anneeAlbum, imageAlbum) VALUES('3XalQXmk1Cek8ZBEjNQPFv', 'Cinnamon', '2018-05-18', 'https://i.scdn.co/image/ab67616d0000b2738208749fdd7ac610bfb215ba');
INSERT INTO Composer(numAuteur, numAlbum) VALUES('6CoTYzOyg2NW2OUEFaSTxO', '3XalQXmk1Cek8ZBEjNQPFv');
INSERT INTO Musique(numMusique, numAlbum, titre, duree) VALUES('0VH7wmxrvFD1VBU701vueP', '3XalQXmk1Cek8ZBEjNQPFv', 'Cinnamon', '169565');
INSERT INTO Ecrire(numAuteur, numMusique) VALUES('6CoTYzOyg2NW2OUEFaSTxO', '0VH7wmxrvFD1VBU701vueP');
INSERT INTO Auteur(numAuteur, nom, prenom) VALUES('3oSJ7TBVCWMDMiYjXNiCKE', 'Kane', 'Brown');
INSERT INTO Album(numAlbum, nomAlbum, anneeAlbum, imageAlbum) VALUES('4QAC6FquY8D0RXom13iE5J', 'One Thing Right', '2019-06-21', 'https://i.scdn.co/image/ab67616d0000b273f0d9f552f55d802413da1002');
INSERT INTO Composer(numAuteur, numAlbum) VALUES('64KEffDW9EtZ1y2vBYgq8T', '4QAC6FquY8D0RXom13iE5J');
INSERT INTO Composer(numAuteur, numAlbum) VALUES('3oSJ7TBVCWMDMiYjXNiCKE', '4QAC6FquY8D0RXom13iE5J');
INSERT INTO Musique(numMusique, numAlbum, titre, duree) VALUES('4hPpVbbakQNv8YTHYaOJP4', '4QAC6FquY8D0RXom13iE5J', 'One Thing Right', '181823');
INSERT INTO Ecrire(numAuteur, numMusique) VALUES('64KEffDW9EtZ1y2vBYgq8T', '4hPpVbbakQNv8YTHYaOJP4');
INSERT INTO Ecrire(numAuteur, numMusique) VALUES('3oSJ7TBVCWMDMiYjXNiCKE', '4hPpVbbakQNv8YTHYaOJP4');
INSERT INTO Auteur(numAuteur, nom, prenom) VALUES('23fqKkggKUBHNkbKtXEls4', 'Kygo', 'null');
INSERT INTO Auteur(numAuteur, nom, prenom) VALUES('6XpaIBNiVzIetEPCWDvAFP', 'Whitney', 'Houston');
INSERT INTO Album(numAlbum, nomAlbum, anneeAlbum, imageAlbum) VALUES('4wquJImu8RtyEuDtIAsfcE', 'Higher Love', '2019-06-28', 'https://i.scdn.co/image/ab67616d0000b2737c8977a0ad3a3a0627be9ed7');
INSERT INTO Composer(numAuteur, numAlbum) VALUES('23fqKkggKUBHNkbKtXEls4', '4wquJImu8RtyEuDtIAsfcE');
INSERT INTO Composer(numAuteur, numAlbum) VALUES('6XpaIBNiVzIetEPCWDvAFP', '4wquJImu8RtyEuDtIAsfcE');
INSERT INTO Musique(numMusique, numAlbum, titre, duree) VALUES('6oJ6le65B3SEqPwMRNXWjY', '4wquJImu8RtyEuDtIAsfcE', 'Higher Love', '228267');
INSERT INTO Ecrire(numAuteur, numMusique) VALUES('23fqKkggKUBHNkbKtXEls4', '6oJ6le65B3SEqPwMRNXWjY');
INSERT INTO Ecrire(numAuteur, numMusique) VALUES('6XpaIBNiVzIetEPCWDvAFP', '6oJ6le65B3SEqPwMRNXWjY');
INSERT INTO Album(numAlbum, nomAlbum, anneeAlbum, imageAlbum) VALUES('4W0r9HOcuCC6Vh7aze2hwi', 'Sucker', '2019-03-01', 'https://i.scdn.co/image/2c9eb62138375b42f2390ae92d995adcd5f8904d');
INSERT INTO Composer(numAuteur, numAlbum) VALUES('7gOdHgIoIKoe4i9Tta6qdD', '4W0r9HOcuCC6Vh7aze2hwi');
INSERT INTO Musique(numMusique, numAlbum, titre, duree) VALUES('4y3OI86AEP6PQoDE6olYhO', '4W0r9HOcuCC6Vh7aze2hwi', 'Sucker', '181040');
INSERT INTO Ecrire(numAuteur, numMusique) VALUES('7gOdHgIoIKoe4i9Tta6qdD', '4y3OI86AEP6PQoDE6olYhO');
INSERT INTO Auteur(numAuteur, nom, prenom) VALUES('14scxEoUN7Dcx1m4EQ7oHe', 'Ashley', 'O');
INSERT INTO Album(numAlbum, nomAlbum, anneeAlbum, imageAlbum) VALUES('6eV8O8De1mibErM1XM1tEc', 'On A Roll', '2019-06-14', 'https://i.scdn.co/image/ab67616d0000b2733b2d2706cac8ec23c2207839');
INSERT INTO Composer(numAuteur, numAlbum) VALUES('14scxEoUN7Dcx1m4EQ7oHe', '6eV8O8De1mibErM1XM1tEc');
INSERT INTO Musique(numMusique, numAlbum, titre, duree) VALUES('56JyMaElW79S7TDWh1Zw1m', '6eV8O8De1mibErM1XM1tEc', 'On A Roll', '154447');
INSERT INTO Ecrire(numAuteur, numMusique) VALUES('14scxEoUN7Dcx1m4EQ7oHe', '56JyMaElW79S7TDWh1Zw1m');
INSERT INTO Album(numAlbum, nomAlbum, anneeAlbum, imageAlbum) VALUES('5FOy9CM3AZs86TIK7fsJTV', 'Small Talk', '2019-08-09', 'https://i.scdn.co/image/865f0f7895d0a1e05681e8a9ab269b6e46ba2072');
INSERT INTO Composer(numAuteur, numAlbum) VALUES('6jJ0s89eD6GaHleKKya26X', '5FOy9CM3AZs86TIK7fsJTV');
INSERT INTO Musique(numMusique, numAlbum, titre, duree) VALUES('4NmE2ytXI8S2svTRSmEdpO', '5FOy9CM3AZs86TIK7fsJTV', 'Small Talk', '161962');
INSERT INTO Ecrire(numAuteur, numMusique) VALUES('6jJ0s89eD6GaHleKKya26X', '4NmE2ytXI8S2svTRSmEdpO');
INSERT INTO Auteur(numAuteur, nom, prenom) VALUES('5iNrZmtVMtYev5M9yoWpEq', 'Seeb', 'null');
INSERT INTO Auteur(numAuteur, nom, prenom) VALUES('7EQ0qTo7fWT7DPxmxtSYEc', 'Bastille', 'null');
INSERT INTO Album(numAlbum, nomAlbum, anneeAlbum, imageAlbum) VALUES('1TwCR17ZsRgWTo00mmlzqq', 'Grip', '2018-12-06', 'https://i.scdn.co/image/ab67616d0000b273d067ef1dace65ff02d69c47a');
INSERT INTO Composer(numAuteur, numAlbum) VALUES('5iNrZmtVMtYev5M9yoWpEq', '1TwCR17ZsRgWTo00mmlzqq');
INSERT INTO Composer(numAuteur, numAlbum) VALUES('7EQ0qTo7fWT7DPxmxtSYEc', '1TwCR17ZsRgWTo00mmlzqq');
INSERT INTO Musique(numMusique, numAlbum, titre, duree) VALUES('3gicyfiEVMGONgzygpWjNT', '1TwCR17ZsRgWTo00mmlzqq', 'Grip', '198074');
INSERT INTO Ecrire(numAuteur, numMusique) VALUES('5iNrZmtVMtYev5M9yoWpEq', '3gicyfiEVMGONgzygpWjNT');
INSERT INTO Ecrire(numAuteur, numMusique) VALUES('7EQ0qTo7fWT7DPxmxtSYEc', '3gicyfiEVMGONgzygpWjNT');
INSERT INTO Auteur(numAuteur, nom, prenom) VALUES('3Nrfpe0tUJi4K4DXYWgMUX', 'BTS', 'null');
INSERT INTO Album(numAlbum, nomAlbum, anneeAlbum, imageAlbum) VALUES('1AvXa8xFEXtR3hb4bgihIK', 'MAP OF THE SOUL : PERSONA', '2019-04-12', 'https://i.scdn.co/image/ab67616d0000b27329d00196831bec20ebbff5c7');
INSERT INTO Composer(numAuteur, numAlbum) VALUES('3Nrfpe0tUJi4K4DXYWgMUX', '1AvXa8xFEXtR3hb4bgihIK');
INSERT INTO Musique(numMusique, numAlbum, titre, duree) VALUES('5KawlOMHjWeUjQtnuRs22c', '1AvXa8xFEXtR3hb4bgihIK', 'Boy With Luv (feat. Halsey)', '229773');
INSERT INTO Ecrire(numAuteur, numMusique) VALUES('3Nrfpe0tUJi4K4DXYWgMUX', '5KawlOMHjWeUjQtnuRs22c');
INSERT INTO Ecrire(numAuteur, numMusique) VALUES('26VFTg2z8YR0cCuwLzESi2', '5KawlOMHjWeUjQtnuRs22c');
INSERT INTO Auteur(numAuteur, nom, prenom) VALUES('5CVsjwjuzUOrlEc2OJbUg4', 'Lucian', 'null');
INSERT INTO Auteur(numAuteur, nom, prenom) VALUES('1yGpY2jZ3nPef5EKzHuova', 'Eden', 'Farrow');
INSERT INTO Album(numAlbum, nomAlbum, anneeAlbum, imageAlbum) VALUES('5FhCnvZ9Nnpk3VMXUU7PNR', 'Easier as Friends', '2019-09-25', 'https://i.scdn.co/image/ab67616d0000b2734109737e0b5fd1edcfaf9119');
INSERT INTO Composer(numAuteur, numAlbum) VALUES('5CVsjwjuzUOrlEc2OJbUg4', '5FhCnvZ9Nnpk3VMXUU7PNR');
INSERT INTO Musique(numMusique, numAlbum, titre, duree) VALUES('360avnWXoE7hNv6SBf8IY8', '5FhCnvZ9Nnpk3VMXUU7PNR', 'Easier as Friends', '115703');
INSERT INTO Ecrire(numAuteur, numMusique) VALUES('5CVsjwjuzUOrlEc2OJbUg4', '360avnWXoE7hNv6SBf8IY8');
INSERT INTO Ecrire(numAuteur, numMusique) VALUES('1yGpY2jZ3nPef5EKzHuova', '360avnWXoE7hNv6SBf8IY8');
INSERT INTO Album(numAlbum, nomAlbum, anneeAlbum, imageAlbum) VALUES('2hBfao8GWZwHlUGDB8HVQO', 'Nothing Breaks Like a Heart (feat. Miley Cyrus)', '2018-11-30', 'https://i.scdn.co/image/ab67616d0000b273ad79d30f49891b2a2f7757f8');
INSERT INTO Composer(numAuteur, numAlbum) VALUES('3hv9jJF3adDNsBSIQDqcjp', '2hBfao8GWZwHlUGDB8HVQO');
INSERT INTO Composer(numAuteur, numAlbum) VALUES('5YGY8feqx7naU7z4HrwZM6', '2hBfao8GWZwHlUGDB8HVQO');
INSERT INTO Musique(numMusique, numAlbum, titre, duree) VALUES('27rdGxbavYJeBphck5MZAF', '2hBfao8GWZwHlUGDB8HVQO', 'Nothing Breaks Like a Heart (feat. Miley Cyrus)', '217466');
INSERT INTO Ecrire(numAuteur, numMusique) VALUES('3hv9jJF3adDNsBSIQDqcjp', '27rdGxbavYJeBphck5MZAF');
INSERT INTO Ecrire(numAuteur, numMusique) VALUES('5YGY8feqx7naU7z4HrwZM6', '27rdGxbavYJeBphck5MZAF');
INSERT INTO Auteur(numAuteur, nom, prenom) VALUES('1MIVXf74SZHmTIp4V4paH4', 'Mabel', 'null');
INSERT INTO Album(numAlbum, nomAlbum, anneeAlbum, imageAlbum) VALUES('7eNi4JLsvO4nrHGNjOL45U', 'Don''t Call Me Up', '2019-01-18', 'https://i.scdn.co/image/047073fa0db6a821b5e37f7dd0e3d818829290be');
INSERT INTO Composer(numAuteur, numAlbum) VALUES('1MIVXf74SZHmTIp4V4paH4', '7eNi4JLsvO4nrHGNjOL45U');
INSERT INTO Musique(numMusique, numAlbum, titre, duree) VALUES('4QjVfuu7om31HBan0jlX4p', '7eNi4JLsvO4nrHGNjOL45U', 'Don''t Call Me Up', '178480');
INSERT INTO Ecrire(numAuteur, numMusique) VALUES('1MIVXf74SZHmTIp4V4paH4', '4QjVfuu7om31HBan0jlX4p');
INSERT INTO Album(numAlbum, nomAlbum, anneeAlbum, imageAlbum) VALUES('78EicdHZr5XBWD7llEZ1Jh', 'Happier', '2018-08-17', 'https://i.scdn.co/image/c67a2c8ab6f5dccae39dec6c2997f5d778f8c8ba');
INSERT INTO Composer(numAuteur, numAlbum) VALUES('64KEffDW9EtZ1y2vBYgq8T', '78EicdHZr5XBWD7llEZ1Jh');
INSERT INTO Composer(numAuteur, numAlbum) VALUES('7EQ0qTo7fWT7DPxmxtSYEc', '78EicdHZr5XBWD7llEZ1Jh');
INSERT INTO Musique(numMusique, numAlbum, titre, duree) VALUES('2dpaYNEQHiRxtZbfNsse99', '78EicdHZr5XBWD7llEZ1Jh', 'Happier', '214289');
INSERT INTO Ecrire(numAuteur, numMusique) VALUES('64KEffDW9EtZ1y2vBYgq8T', '2dpaYNEQHiRxtZbfNsse99');
INSERT INTO Ecrire(numAuteur, numMusique) VALUES('7EQ0qTo7fWT7DPxmxtSYEc', '2dpaYNEQHiRxtZbfNsse99');
INSERT INTO Musique(numMusique, numAlbum, titre, duree) VALUES('4Of7rzpRpV1mWRbhp5rAqG', '5658aM19fA3JVwTK6eQX70', 'Bruises', '220492');
INSERT INTO Ecrire(numAuteur, numMusique) VALUES('4GNC7GD6oZMSxPGyXy4MNB', '4Of7rzpRpV1mWRbhp5rAqG');
INSERT INTO Auteur(numAuteur, nom, prenom) VALUES('1zNqQNIdeOUZHb8zbZRFMX', 'Swae', 'Lee');
INSERT INTO Auteur(numAuteur, nom, prenom) VALUES('0NWbwDZY1VkRqFafuQm6wk', 'Mike', 'WiLL');
INSERT INTO Album(numAlbum, nomAlbum, anneeAlbum, imageAlbum) VALUES('7M4YAXOOg1XbWx03jg7t62', 'SHE IS COMING', '2019-05-31', 'https://i.scdn.co/image/ab67616d0000b273aedab249a3a60446fc2ef4e8');
INSERT INTO Composer(numAuteur, numAlbum) VALUES('5YGY8feqx7naU7z4HrwZM6', '7M4YAXOOg1XbWx03jg7t62');
INSERT INTO Musique(numMusique, numAlbum, titre, duree) VALUES('3DB14jHq2qNoByUN5W2gz1', '7M4YAXOOg1XbWx03jg7t62', 'Party Up The Street', '217253');
INSERT INTO Ecrire(numAuteur, numMusique) VALUES('5YGY8feqx7naU7z4HrwZM6', '3DB14jHq2qNoByUN5W2gz1');
INSERT INTO Ecrire(numAuteur, numMusique) VALUES('1zNqQNIdeOUZHb8zbZRFMX', '3DB14jHq2qNoByUN5W2gz1');
INSERT INTO Ecrire(numAuteur, numMusique) VALUES('0NWbwDZY1VkRqFafuQm6wk', '3DB14jHq2qNoByUN5W2gz1');
INSERT INTO Auteur(numAuteur, nom, prenom) VALUES('4QVBYiagIaa6ZGSPMbybpy', 'Pedro', 'Capó');
INSERT INTO Auteur(numAuteur, nom, prenom) VALUES('329e4yvIujISKGKz1BZZbO', 'Farruko', 'null');
INSERT INTO Album(numAlbum, nomAlbum, anneeAlbum, imageAlbum) VALUES('1tFnP9PwIMeMIuj92mfswZ', 'Calma (Remix)', '2018-10-05', 'https://i.scdn.co/image/ab67616d0000b273c736f0be0530ea1e1a7fd601');
INSERT INTO Composer(numAuteur, numAlbum) VALUES('4QVBYiagIaa6ZGSPMbybpy', '1tFnP9PwIMeMIuj92mfswZ');
INSERT INTO Composer(numAuteur, numAlbum) VALUES('329e4yvIujISKGKz1BZZbO', '1tFnP9PwIMeMIuj92mfswZ');
INSERT INTO Musique(numMusique, numAlbum, titre, duree) VALUES('5iwz1NiezX7WWjnCgY5TH4', '1tFnP9PwIMeMIuj92mfswZ', 'Calma - Remix', '238200');
INSERT INTO Ecrire(numAuteur, numMusique) VALUES('4QVBYiagIaa6ZGSPMbybpy', '5iwz1NiezX7WWjnCgY5TH4');
INSERT INTO Ecrire(numAuteur, numMusique) VALUES('329e4yvIujISKGKz1BZZbO', '5iwz1NiezX7WWjnCgY5TH4');
INSERT INTO Auteur(numAuteur, nom, prenom) VALUES('7CajNmpbOovFoOoasH2HaY', 'Calvin', 'Harris');
INSERT INTO Auteur(numAuteur, nom, prenom) VALUES('4f9iBmdUOhQWeP7dcAn1pf', 'Rag''n''Bone', 'Man');
INSERT INTO Album(numAlbum, nomAlbum, anneeAlbum, imageAlbum) VALUES('4PwXTHenZZx7ebgsnTM65K', 'Giant (with Rag''n''Bone Man)', '2019-01-11', 'https://i.scdn.co/image/a6c96937505fceec277eb9865b40e29ec31dba4d');
INSERT INTO Composer(numAuteur, numAlbum) VALUES('7CajNmpbOovFoOoasH2HaY', '4PwXTHenZZx7ebgsnTM65K');
INSERT INTO Composer(numAuteur, numAlbum) VALUES('4f9iBmdUOhQWeP7dcAn1pf', '4PwXTHenZZx7ebgsnTM65K');
INSERT INTO Musique(numMusique, numAlbum, titre, duree) VALUES('5itOtNx0WxtJmi1TQ3RuRd', '4PwXTHenZZx7ebgsnTM65K', 'Giant (with Rag''n''Bone Man)', '229184');
INSERT INTO Ecrire(numAuteur, numMusique) VALUES('7CajNmpbOovFoOoasH2HaY', '5itOtNx0WxtJmi1TQ3RuRd');
INSERT INTO Ecrire(numAuteur, numMusique) VALUES('4f9iBmdUOhQWeP7dcAn1pf', '5itOtNx0WxtJmi1TQ3RuRd');
INSERT INTO Auteur(numAuteur, nom, prenom) VALUES('7ic9h4HxC9vccg3mk4NRFV', 'PLYA', 'null');
INSERT INTO Album(numAlbum, nomAlbum, anneeAlbum, imageAlbum) VALUES('2VPeosOdvgYH9wTT6QdbWx', 'Adrenaline', '2018-12-20', 'https://i.scdn.co/image/ab67616d0000b2736f7c338746d1b4c332ab910e');
INSERT INTO Composer(numAuteur, numAlbum) VALUES('7ic9h4HxC9vccg3mk4NRFV', '2VPeosOdvgYH9wTT6QdbWx');
INSERT INTO Musique(numMusique, numAlbum, titre, duree) VALUES('0vxVmFrsrREswFaAT0QEkA', '2VPeosOdvgYH9wTT6QdbWx', 'Adrenaline', '196080');
INSERT INTO Ecrire(numAuteur, numMusique) VALUES('7ic9h4HxC9vccg3mk4NRFV', '0vxVmFrsrREswFaAT0QEkA');
INSERT INTO Auteur(numAuteur, nom, prenom) VALUES('0xRXCcSX89eobfrshSVdyu', 'MEDUZA', 'null');
INSERT INTO Auteur(numAuteur, nom, prenom) VALUES('2nm38smINjms1LtczR0Cei', 'Goodboys', 'null');
INSERT INTO Album(numAlbum, nomAlbum, anneeAlbum, imageAlbum) VALUES('0agqVZjOqVtqHkq3pTFPXb', 'Piece Of Your Heart', '2019-02-01', 'https://i.scdn.co/image/ab67616d0000b2733a03f819723487ee3d5b0c36');
INSERT INTO Composer(numAuteur, numAlbum) VALUES('0xRXCcSX89eobfrshSVdyu', '0agqVZjOqVtqHkq3pTFPXb');
INSERT INTO Musique(numMusique, numAlbum, titre, duree) VALUES('5p1ex0pXv6jSPJ6QbumQpD', '0agqVZjOqVtqHkq3pTFPXb', 'Piece Of Your Heart', '152913');
INSERT INTO Ecrire(numAuteur, numMusique) VALUES('0xRXCcSX89eobfrshSVdyu', '5p1ex0pXv6jSPJ6QbumQpD');
INSERT INTO Ecrire(numAuteur, numMusique) VALUES('2nm38smINjms1LtczR0Cei', '5p1ex0pXv6jSPJ6QbumQpD');
INSERT INTO Album(numAlbum, nomAlbum, anneeAlbum, imageAlbum) VALUES('6jKZplJpy21R5lHaYHHjmZ', 'Narrated For You', '2018-11-16', 'https://i.scdn.co/image/7cda55af5e6189d18ebc7963671bd57d6271441c');
INSERT INTO Composer(numAuteur, numAlbum) VALUES('5IH6FPUwQTxPSXurCrcIov', '6jKZplJpy21R5lHaYHHjmZ');
INSERT INTO Musique(numMusique, numAlbum, titre, duree) VALUES('2qxmye6gAegTMjLKEBoR3d', '6jKZplJpy21R5lHaYHHjmZ', 'Let Me Down Slowly', '169353');
INSERT INTO Ecrire(numAuteur, numMusique) VALUES('5IH6FPUwQTxPSXurCrcIov', '2qxmye6gAegTMjLKEBoR3d');
INSERT INTO Auteur(numAuteur, nom, prenom) VALUES('5JZ7CnR6gTvEMKX4g70Amv', 'Lauv', 'null');
INSERT INTO Auteur(numAuteur, nom, prenom) VALUES('3WGpXCj9YhhfX11TToZcXP', 'Troye', 'Sivan');
INSERT INTO Album(numAlbum, nomAlbum, anneeAlbum, imageAlbum) VALUES('13yMsBNa2femeWzhcDOqFw', 'i''m so tired...', '2019-01-24', 'https://i.scdn.co/image/7fe337a427d07515fa4b5b91b65f8cd66bc81e70');
INSERT INTO Composer(numAuteur, numAlbum) VALUES('5JZ7CnR6gTvEMKX4g70Amv', '13yMsBNa2femeWzhcDOqFw');
INSERT INTO Composer(numAuteur, numAlbum) VALUES('3WGpXCj9YhhfX11TToZcXP', '13yMsBNa2femeWzhcDOqFw');
INSERT INTO Musique(numMusique, numAlbum, titre, duree) VALUES('7COXchtUOMd6uIT6HvmRaI', '13yMsBNa2femeWzhcDOqFw', 'i''m so tired...', '162582');
INSERT INTO Ecrire(numAuteur, numMusique) VALUES('5JZ7CnR6gTvEMKX4g70Amv', '7COXchtUOMd6uIT6HvmRaI');
INSERT INTO Ecrire(numAuteur, numMusique) VALUES('3WGpXCj9YhhfX11TToZcXP', '7COXchtUOMd6uIT6HvmRaI');
INSERT INTO Musique(numMusique, numAlbum, titre, duree) VALUES('6vjymPak0JRQC2P84XlI9t', '7M4YAXOOg1XbWx03jg7t62', 'Unholy', '130186');
INSERT INTO Ecrire(numAuteur, numMusique) VALUES('5YGY8feqx7naU7z4HrwZM6', '6vjymPak0JRQC2P84XlI9t');
INSERT INTO Auteur(numAuteur, nom, prenom) VALUES('4FcZfItjVIsfO9TynErl7X', 'Jubël', 'null');
INSERT INTO Album(numAlbum, nomAlbum, anneeAlbum, imageAlbum) VALUES('4SxQPH2WUVZbnhLPwDQuQT', 'On The Beach', '2019-05-10', 'https://i.scdn.co/image/ab67616d0000b273882d7d86257a9c02f4429242');
INSERT INTO Composer(numAuteur, numAlbum) VALUES('4FcZfItjVIsfO9TynErl7X', '4SxQPH2WUVZbnhLPwDQuQT');
INSERT INTO Musique(numMusique, numAlbum, titre, duree) VALUES('2nNRWUZBeGLuxegmFhJeCZ', '4SxQPH2WUVZbnhLPwDQuQT', 'On The Beach', '188846');
INSERT INTO Ecrire(numAuteur, numMusique) VALUES('4FcZfItjVIsfO9TynErl7X', '2nNRWUZBeGLuxegmFhJeCZ');
INSERT INTO Auteur(numAuteur, nom, prenom) VALUES('5CiGnKThu5ctn9pBxv7DGa', 'benny', 'blanco');
INSERT INTO Album(numAlbum, nomAlbum, anneeAlbum, imageAlbum) VALUES('3jfSJj7tHJxk1a4i2KZt9F', 'I Found You (with Calvin Harris)', '2018-11-02', 'https://i.scdn.co/image/5ebbb6d9c45dfbb2ab100bfba555271d4daab50d');
INSERT INTO Composer(numAuteur, numAlbum) VALUES('5CiGnKThu5ctn9pBxv7DGa', '3jfSJj7tHJxk1a4i2KZt9F');
INSERT INTO Composer(numAuteur, numAlbum) VALUES('7CajNmpbOovFoOoasH2HaY', '3jfSJj7tHJxk1a4i2KZt9F');
INSERT INTO Musique(numMusique, numAlbum, titre, duree) VALUES('5sdb5pMhcK44SSLsj1moUh', '3jfSJj7tHJxk1a4i2KZt9F', 'I Found You (with Calvin Harris)', '191495');
INSERT INTO Ecrire(numAuteur, numMusique) VALUES('5CiGnKThu5ctn9pBxv7DGa', '5sdb5pMhcK44SSLsj1moUh');
INSERT INTO Ecrire(numAuteur, numMusique) VALUES('7CajNmpbOovFoOoasH2HaY', '5sdb5pMhcK44SSLsj1moUh');
INSERT INTO Album(numAlbum, nomAlbum, anneeAlbum, imageAlbum) VALUES('2fYhqwDWXjbpjaIJPEfKFw', 'thank u, next', '2019-02-08', 'https://i.scdn.co/image/38205ab1bdc4b37b68b3ace40989afb6c2c1faa9');
INSERT INTO Composer(numAuteur, numAlbum) VALUES('66CXWjxzNUsdJxJ2JdwvnR', '2fYhqwDWXjbpjaIJPEfKFw');
INSERT INTO Musique(numMusique, numAlbum, titre, duree) VALUES('5Il6Oe7lr5XM7A0cWbVQtr', '2fYhqwDWXjbpjaIJPEfKFw', 'bad idea', '267106');
INSERT INTO Ecrire(numAuteur, numMusique) VALUES('66CXWjxzNUsdJxJ2JdwvnR', '5Il6Oe7lr5XM7A0cWbVQtr');
INSERT INTO Auteur(numAuteur, nom, prenom) VALUES('0hGnFehADWb6JFBle9JvKS', 'SHEE', 'null');
INSERT INTO Album(numAlbum, nomAlbum, anneeAlbum, imageAlbum) VALUES('55ShoKiZuaRd5jLZIvGsbc', 'See Me', '2019-06-14', 'https://i.scdn.co/image/fbbca688c4922aa05ac1156395387ab2c97f3125');
INSERT INTO Composer(numAuteur, numAlbum) VALUES('0hGnFehADWb6JFBle9JvKS', '55ShoKiZuaRd5jLZIvGsbc');
INSERT INTO Musique(numMusique, numAlbum, titre, duree) VALUES('3vJ6MqsdQwJV5s8gyguMji', '55ShoKiZuaRd5jLZIvGsbc', 'See Me', '195394');
INSERT INTO Ecrire(numAuteur, numMusique) VALUES('0hGnFehADWb6JFBle9JvKS', '3vJ6MqsdQwJV5s8gyguMji');
INSERT INTO Auteur(numAuteur, nom, prenom) VALUES('20JZFwl6HVl6yg8a4H3ZqK', 'Panic!', 'At');
INSERT INTO Album(numAlbum, nomAlbum, anneeAlbum, imageAlbum) VALUES('6ApYSpXF8GxZAgBTHDzYge', 'Pray for the Wicked', '2018-06-22', 'https://i.scdn.co/image/ab67616d0000b273c5148520a59be191eea16989');
INSERT INTO Composer(numAuteur, numAlbum) VALUES('20JZFwl6HVl6yg8a4H3ZqK', '6ApYSpXF8GxZAgBTHDzYge');
INSERT INTO Musique(numMusique, numAlbum, titre, duree) VALUES('1rqqCSm0Qe4I9rUvWncaom', '6ApYSpXF8GxZAgBTHDzYge', 'High Hopes', '190946');
INSERT INTO Ecrire(numAuteur, numMusique) VALUES('20JZFwl6HVl6yg8a4H3ZqK', '1rqqCSm0Qe4I9rUvWncaom');
INSERT INTO Auteur(numAuteur, nom, prenom) VALUES('2FXC3k01G6Gw61bmprjgqS', 'Hozier', 'null');
INSERT INTO Album(numAlbum, nomAlbum, anneeAlbum, imageAlbum) VALUES('2k7vcF0Yr1drY0YsJQAACa', 'Almost (Sweet Music)', '2019-01-16', 'https://i.scdn.co/image/ab67616d0000b273b72e0c5271a33a982a38ebae');
INSERT INTO Composer(numAuteur, numAlbum) VALUES('2FXC3k01G6Gw61bmprjgqS', '2k7vcF0Yr1drY0YsJQAACa');
INSERT INTO Musique(numMusique, numAlbum, titre, duree) VALUES('7nDYw1nNAW4dAqgmW2W3tq', '2k7vcF0Yr1drY0YsJQAACa', 'Almost (Sweet Music)', '217480');
INSERT INTO Ecrire(numAuteur, numMusique) VALUES('2FXC3k01G6Gw61bmprjgqS', '7nDYw1nNAW4dAqgmW2W3tq');
INSERT INTO Album(numAlbum, nomAlbum, anneeAlbum, imageAlbum) VALUES('5AXNN75OmMjFrwst6ExNPx', 'Sixteen', '2019-04-12', 'https://i.scdn.co/image/9b8eabdcce398439ae07609dcd63d4e46df86617');
INSERT INTO Composer(numAuteur, numAlbum) VALUES('0X2BH1fck6amBIoJhDVmmJ', '5AXNN75OmMjFrwst6ExNPx');
INSERT INTO Musique(numMusique, numAlbum, titre, duree) VALUES('4PkIDTPGedm0enzdvilLNd', '5AXNN75OmMjFrwst6ExNPx', 'Sixteen', '201072');
INSERT INTO Ecrire(numAuteur, numMusique) VALUES('0X2BH1fck6amBIoJhDVmmJ', '4PkIDTPGedm0enzdvilLNd');
INSERT INTO Auteur(numAuteur, nom, prenom) VALUES('7z2avKuuiMAT4XZJFv8Rvh', 'Tom', 'Walker');
INSERT INTO Album(numAlbum, nomAlbum, anneeAlbum, imageAlbum) VALUES('7KqNNYGSs3S4uFiDVIVOXY', 'Leave a Light On', '2017-10-13', 'https://i.scdn.co/image/ab67616d0000b273df74e089ac668cc0e0db7641');
INSERT INTO Composer(numAuteur, numAlbum) VALUES('7z2avKuuiMAT4XZJFv8Rvh', '7KqNNYGSs3S4uFiDVIVOXY');
INSERT INTO Musique(numMusique, numAlbum, titre, duree) VALUES('4Fvtl6P5d8h2lzzwhUCHHD', '7KqNNYGSs3S4uFiDVIVOXY', 'Just You and I', '174982');
INSERT INTO Ecrire(numAuteur, numMusique) VALUES('7z2avKuuiMAT4XZJFv8Rvh', '4Fvtl6P5d8h2lzzwhUCHHD');
INSERT INTO Auteur(numAuteur, nom, prenom) VALUES('4VMYDCV2IEDYJArk749S6m', 'Daddy', 'Yankee');
INSERT INTO Auteur(numAuteur, nom, prenom) VALUES('3uZFBSsMiooimnprFL9jD1', 'Snow', 'null');
INSERT INTO Album(numAlbum, nomAlbum, anneeAlbum, imageAlbum) VALUES('1otwHKoQ5KPaiekpYk4tWh', 'Con Calma', '2019-01-24', 'https://i.scdn.co/image/766d4badffb7fe6b45ecfa7f737c20e9382a4b78');
INSERT INTO Composer(numAuteur, numAlbum) VALUES('4VMYDCV2IEDYJArk749S6m', '1otwHKoQ5KPaiekpYk4tWh');
INSERT INTO Musique(numMusique, numAlbum, titre, duree) VALUES('5w9c2J52mkdntKOmRLeM2m', '1otwHKoQ5KPaiekpYk4tWh', 'Con Calma', '193226');
INSERT INTO Ecrire(numAuteur, numMusique) VALUES('4VMYDCV2IEDYJArk749S6m', '5w9c2J52mkdntKOmRLeM2m');
INSERT INTO Ecrire(numAuteur, numMusique) VALUES('3uZFBSsMiooimnprFL9jD1', '5w9c2J52mkdntKOmRLeM2m');
INSERT INTO Auteur(numAuteur, nom, prenom) VALUES('6eYFryfcEu3QSq59D62wZQ', 'Brendon', 'Urie');
INSERT INTO Album(numAlbum, nomAlbum, anneeAlbum, imageAlbum) VALUES('0WGakTFs8cnggcYsHjIhgy', 'ME!', '2019-04-26', 'https://i.scdn.co/image/ab67616d0000b27351e4bcd72f4d8c30111f5a4b');
INSERT INTO Composer(numAuteur, numAlbum) VALUES('06HL4z0CvFAxyc27GXpf02', '0WGakTFs8cnggcYsHjIhgy');
INSERT INTO Composer(numAuteur, numAlbum) VALUES('6eYFryfcEu3QSq59D62wZQ', '0WGakTFs8cnggcYsHjIhgy');
INSERT INTO Composer(numAuteur, numAlbum) VALUES('20JZFwl6HVl6yg8a4H3ZqK', '0WGakTFs8cnggcYsHjIhgy');
INSERT INTO Musique(numMusique, numAlbum, titre, duree) VALUES('4Sib57MmYGJzSvkW84jTwh', '0WGakTFs8cnggcYsHjIhgy', 'ME! (feat. Brendon Urie of Panic! At The Disco)', '193040');
INSERT INTO Ecrire(numAuteur, numMusique) VALUES('06HL4z0CvFAxyc27GXpf02', '4Sib57MmYGJzSvkW84jTwh');
INSERT INTO Ecrire(numAuteur, numMusique) VALUES('6eYFryfcEu3QSq59D62wZQ', '4Sib57MmYGJzSvkW84jTwh');
INSERT INTO Album(numAlbum, nomAlbum, anneeAlbum, imageAlbum) VALUES('5ljc69MQ6iwGcJ4SmHaAh5', 'Last Hurrah', '2019-02-15', 'https://i.scdn.co/image/ab67616d0000b273967032732fbe7de24b4a463e');
INSERT INTO Composer(numAuteur, numAlbum) VALUES('64M6ah0SkkRsnPGtGiRAbb', '5ljc69MQ6iwGcJ4SmHaAh5');
INSERT INTO Musique(numMusique, numAlbum, titre, duree) VALUES('0i0wnv9UoFdZ5MfuFGQzMy', '5ljc69MQ6iwGcJ4SmHaAh5', 'Last Hurrah', '150333');
INSERT INTO Ecrire(numAuteur, numMusique) VALUES('64M6ah0SkkRsnPGtGiRAbb', '0i0wnv9UoFdZ5MfuFGQzMy');
INSERT INTO Auteur(numAuteur, nom, prenom) VALUES('4s9YSRHrBFUpUZPWk2mwIG', 'JPson', 'null');
INSERT INTO Album(numAlbum, nomAlbum, anneeAlbum, imageAlbum) VALUES('7M3UYQ41G8W704AKG0YC4Y', 'One Day', '2019-05-10', 'https://i.scdn.co/image/ab67616d0000b27322439cedb9187157ee614500');
INSERT INTO Composer(numAuteur, numAlbum) VALUES('4s9YSRHrBFUpUZPWk2mwIG', '7M3UYQ41G8W704AKG0YC4Y');
INSERT INTO Musique(numMusique, numAlbum, titre, duree) VALUES('5MFpbvo0bNcl3mDwVMflRb', '7M3UYQ41G8W704AKG0YC4Y', 'One Day', '215978');
INSERT INTO Ecrire(numAuteur, numMusique) VALUES('4s9YSRHrBFUpUZPWk2mwIG', '5MFpbvo0bNcl3mDwVMflRb');
INSERT INTO Auteur(numAuteur, nom, prenom) VALUES('6M2wZ9GZgrQXHCFfjv46we', 'Dua', 'Lipa');
INSERT INTO Auteur(numAuteur, nom, prenom) VALUES('41MozSoPIsD1dJM0CLPjZF', 'BLACKPINK', 'null');
INSERT INTO Album(numAlbum, nomAlbum, anneeAlbum, imageAlbum) VALUES('0obMz8EHnr3dg6NCUK4xWp', 'Dua Lipa (Complete Edition)', '2018-10-19', 'https://i.scdn.co/image/ab67616d0000b2731764e1a1b94e887206782640');
INSERT INTO Composer(numAuteur, numAlbum) VALUES('6M2wZ9GZgrQXHCFfjv46we', '0obMz8EHnr3dg6NCUK4xWp');
INSERT INTO Musique(numMusique, numAlbum, titre, duree) VALUES('7jr3iPu4O4bTCVwLMbdU2i', '0obMz8EHnr3dg6NCUK4xWp', 'Kiss and Make Up', '189173');
INSERT INTO Ecrire(numAuteur, numMusique) VALUES('6M2wZ9GZgrQXHCFfjv46we', '7jr3iPu4O4bTCVwLMbdU2i');
INSERT INTO Ecrire(numAuteur, numMusique) VALUES('41MozSoPIsD1dJM0CLPjZF', '7jr3iPu4O4bTCVwLMbdU2i');
INSERT INTO Album(numAlbum, nomAlbum, anneeAlbum, imageAlbum) VALUES('1s9tU91VJt4sU5owi29GD3', 'True', '2013-01-01', 'https://i.scdn.co/image/475a5d46cf92bccce46ab199bd68169e441df699');
INSERT INTO Composer(numAuteur, numAlbum) VALUES('1vCWHaC5f2uS3yhpwWbIA6', '1s9tU91VJt4sU5owi29GD3');
INSERT INTO Musique(numMusique, numAlbum, titre, duree) VALUES('4h8VwCb1MTGoLKueQ1WgbD', '1s9tU91VJt4sU5owi29GD3', 'Wake Me Up', '247426');
INSERT INTO Ecrire(numAuteur, numMusique) VALUES('1vCWHaC5f2uS3yhpwWbIA6', '4h8VwCb1MTGoLKueQ1WgbD');
INSERT INTO Auteur(numAuteur, nom, prenom) VALUES('6tbjWDEIzxoDsBA1FuhfPW', 'Madonna', 'null');
INSERT INTO Auteur(numAuteur, nom, prenom) VALUES('1r4hJ1h58CWwUQe3MxPuau', 'Maluma', 'null');
INSERT INTO Album(numAlbum, nomAlbum, anneeAlbum, imageAlbum) VALUES('5iUJzNJieRm5uJAtIk8Jxf', 'Medellín (with Maluma)', '2019-04-17', 'https://i.scdn.co/image/eda6f6cb52d680da53a4c86a7a6ba6952fa95cc7');
INSERT INTO Composer(numAuteur, numAlbum) VALUES('6tbjWDEIzxoDsBA1FuhfPW', '5iUJzNJieRm5uJAtIk8Jxf');
INSERT INTO Composer(numAuteur, numAlbum) VALUES('1r4hJ1h58CWwUQe3MxPuau', '5iUJzNJieRm5uJAtIk8Jxf');
INSERT INTO Musique(numMusique, numAlbum, titre, duree) VALUES('3tTV4DYlhkiXRNiiXwIAPf', '5iUJzNJieRm5uJAtIk8Jxf', 'Medellín (with Maluma)', '298164');
INSERT INTO Ecrire(numAuteur, numMusique) VALUES('6tbjWDEIzxoDsBA1FuhfPW', '3tTV4DYlhkiXRNiiXwIAPf');
INSERT INTO Ecrire(numAuteur, numMusique) VALUES('1r4hJ1h58CWwUQe3MxPuau', '3tTV4DYlhkiXRNiiXwIAPf');
INSERT INTO Auteur(numAuteur, nom, prenom) VALUES('60d24wfXkVzDSfLS6hyCjZ', 'Martin', 'Garrix');
INSERT INTO Auteur(numAuteur, nom, prenom) VALUES('7Io0XduXk7aOHFHA7sLru2', 'Bonn', 'null');
INSERT INTO Album(numAlbum, nomAlbum, anneeAlbum, imageAlbum) VALUES('7KJTuTXYSnBGNgAxte3CSg', 'No Sleep (feat. Bonn)', '2019-02-21', 'https://i.scdn.co/image/5fe401a2d9f1f026e4b16866bf752bf84fd4237f');
INSERT INTO Composer(numAuteur, numAlbum) VALUES('60d24wfXkVzDSfLS6hyCjZ', '7KJTuTXYSnBGNgAxte3CSg');
INSERT INTO Composer(numAuteur, numAlbum) VALUES('7Io0XduXk7aOHFHA7sLru2', '7KJTuTXYSnBGNgAxte3CSg');
INSERT INTO Musique(numMusique, numAlbum, titre, duree) VALUES('1ahVFh0ViDZr8LvkEVlq3B', '7KJTuTXYSnBGNgAxte3CSg', 'No Sleep (feat. Bonn)', '207094');
INSERT INTO Ecrire(numAuteur, numMusique) VALUES('60d24wfXkVzDSfLS6hyCjZ', '1ahVFh0ViDZr8LvkEVlq3B');
INSERT INTO Ecrire(numAuteur, numMusique) VALUES('7Io0XduXk7aOHFHA7sLru2', '1ahVFh0ViDZr8LvkEVlq3B');
INSERT INTO Auteur(numAuteur, nom, prenom) VALUES('5INjqkS1o8h1imAzPqGZBb', 'Tame', 'Impala');
INSERT INTO Album(numAlbum, nomAlbum, anneeAlbum, imageAlbum) VALUES('5zGidcaAvNahQrYhyQwAQn', 'Borderline', '2019-04-12', 'https://i.scdn.co/image/99aedf0238d2043107763d5805392646add75e2a');
INSERT INTO Composer(numAuteur, numAlbum) VALUES('5INjqkS1o8h1imAzPqGZBb', '5zGidcaAvNahQrYhyQwAQn');
INSERT INTO Musique(numMusique, numAlbum, titre, duree) VALUES('3O8X1DE9btbzy4UH9cSX9a', '5zGidcaAvNahQrYhyQwAQn', 'Borderline', '274293');
INSERT INTO Ecrire(numAuteur, numMusique) VALUES('5INjqkS1o8h1imAzPqGZBb', '3O8X1DE9btbzy4UH9cSX9a');
INSERT INTO Auteur(numAuteur, nom, prenom) VALUES('2qxJFvFYMEDqd7ui6kSAcq', 'Zedd', 'null');
INSERT INTO Album(numAlbum, nomAlbum, anneeAlbum, imageAlbum) VALUES('7DMS5dzWQu7R3D59CKw4TA', '365', '2019-02-14', 'https://i.scdn.co/image/94279c8b607c8fd5b07dfe28bd463227e139747e');
INSERT INTO Composer(numAuteur, numAlbum) VALUES('2qxJFvFYMEDqd7ui6kSAcq', '7DMS5dzWQu7R3D59CKw4TA');
INSERT INTO Composer(numAuteur, numAlbum) VALUES('6jJ0s89eD6GaHleKKya26X', '7DMS5dzWQu7R3D59CKw4TA');
INSERT INTO Musique(numMusique, numAlbum, titre, duree) VALUES('2XWjPtKdi5sucFYtVav07d', '7DMS5dzWQu7R3D59CKw4TA', '365', '181899');
INSERT INTO Ecrire(numAuteur, numMusique) VALUES('2qxJFvFYMEDqd7ui6kSAcq', '2XWjPtKdi5sucFYtVav07d');
INSERT INTO Ecrire(numAuteur, numMusique) VALUES('6jJ0s89eD6GaHleKKya26X', '2XWjPtKdi5sucFYtVav07d');
INSERT INTO Auteur(numAuteur, nom, prenom) VALUES('5CCwRZC6euC8Odo6y9X8jr', 'Rita', 'Ora');
INSERT INTO Album(numAlbum, nomAlbum, anneeAlbum, imageAlbum) VALUES('4INRJMYMJrSPsf5mbW26Fm', 'Let You Love Me', '2018-09-21', 'https://i.scdn.co/image/ab67616d0000b273c2d8075e09b1eac3db8b6254');
INSERT INTO Composer(numAuteur, numAlbum) VALUES('5CCwRZC6euC8Odo6y9X8jr', '4INRJMYMJrSPsf5mbW26Fm');
INSERT INTO Musique(numMusique, numAlbum, titre, duree) VALUES('6xtcFXSo8H9BZN637BMVKS', '4INRJMYMJrSPsf5mbW26Fm', 'Let You Love Me', '190000');
INSERT INTO Ecrire(numAuteur, numMusique) VALUES('5CCwRZC6euC8Odo6y9X8jr', '6xtcFXSo8H9BZN637BMVKS');
INSERT INTO Auteur(numAuteur, nom, prenom) VALUES('0yfK1X1FO3SL3gqrho9V4A', 'Frame', 'null');
INSERT INTO Auteur(numAuteur, nom, prenom) VALUES('30msSIU3VQ77ER0lJBVF5q', 'Bijou.', 'null');
INSERT INTO Album(numAlbum, nomAlbum, anneeAlbum, imageAlbum) VALUES('2XzL7kpsqEoEcB1M26P1cz', 'Bad Decisions', '2017-06-28', 'https://i.scdn.co/image/717f19639136246e09389508b6e114a5b8628b77');
INSERT INTO Composer(numAuteur, numAlbum) VALUES('0yfK1X1FO3SL3gqrho9V4A', '2XzL7kpsqEoEcB1M26P1cz');
INSERT INTO Musique(numMusique, numAlbum, titre, duree) VALUES('7xKgIO7hF7sbljmZa6TTEl', '2XzL7kpsqEoEcB1M26P1cz', 'Bad Decisions', '219600');
INSERT INTO Ecrire(numAuteur, numMusique) VALUES('0yfK1X1FO3SL3gqrho9V4A', '7xKgIO7hF7sbljmZa6TTEl');
INSERT INTO Ecrire(numAuteur, numMusique) VALUES('30msSIU3VQ77ER0lJBVF5q', '7xKgIO7hF7sbljmZa6TTEl');
INSERT INTO Album(numAlbum, nomAlbum, anneeAlbum, imageAlbum) VALUES('20Ol6zZ0nLlc5EGTH1zA0j', 'Delirium (Deluxe)', '2015-11-06', 'https://i.scdn.co/image/f03a949ab5cf43f73c09d3593e3510f2d7c59e07');
INSERT INTO Composer(numAuteur, numAlbum) VALUES('0X2BH1fck6amBIoJhDVmmJ', '20Ol6zZ0nLlc5EGTH1zA0j');
INSERT INTO Musique(numMusique, numAlbum, titre, duree) VALUES('3zHq9ouUJQFQRf3cm1rRLu', '20Ol6zZ0nLlc5EGTH1zA0j', 'Love Me Like You Do - From "Fifty Shades Of Grey"', '252534');
INSERT INTO Ecrire(numAuteur, numMusique) VALUES('0X2BH1fck6amBIoJhDVmmJ', '3zHq9ouUJQFQRf3cm1rRLu');
INSERT INTO Album(numAlbum, nomAlbum, anneeAlbum, imageAlbum) VALUES('4yenfBKQAR4ofEgNPk5Ocn', 'Cool', '2019-04-05', 'https://i.scdn.co/image/0d360953ca2c9c9fca62eb1e7577aa52429f4ad9');
INSERT INTO Composer(numAuteur, numAlbum) VALUES('7gOdHgIoIKoe4i9Tta6qdD', '4yenfBKQAR4ofEgNPk5Ocn');
INSERT INTO Musique(numMusique, numAlbum, titre, duree) VALUES('3QmolSZqjjLksTUvZJ6pPS', '4yenfBKQAR4ofEgNPk5Ocn', 'Cool', '167120');
INSERT INTO Ecrire(numAuteur, numMusique) VALUES('7gOdHgIoIKoe4i9Tta6qdD', '3QmolSZqjjLksTUvZJ6pPS');
INSERT INTO Album(numAlbum, nomAlbum, anneeAlbum, imageAlbum) VALUES('3c7IGLGpCdyd8NdiOq5nT3', 'Sick Boy...Beach House', '2018-11-16', 'https://i.scdn.co/image/ab67616d0000b27353d3f4fc35b2872141fb17cc');
INSERT INTO Composer(numAuteur, numAlbum) VALUES('69GGBxA162lTqCwzJG5jLp', '3c7IGLGpCdyd8NdiOq5nT3');
INSERT INTO Musique(numMusique, numAlbum, titre, duree) VALUES('0N8MGHEDAq29ip7RrlrTeN', '3c7IGLGpCdyd8NdiOq5nT3', 'Beach House', '206120');
INSERT INTO Ecrire(numAuteur, numMusique) VALUES('69GGBxA162lTqCwzJG5jLp', '0N8MGHEDAq29ip7RrlrTeN');
INSERT INTO Auteur(numAuteur, nom, prenom) VALUES('757aE44tKEUQEqRuT6GnEB', 'Roddy', 'Ricch');
INSERT INTO Album(numAlbum, nomAlbum, anneeAlbum, imageAlbum) VALUES('1FVR0Mg8rGHhLBpaO9MADY', 'Project Dreams', '2018-12-07', 'https://i.scdn.co/image/7bd761b531773e9eb02fcfff6ffefc9887dd3896');
INSERT INTO Composer(numAuteur, numAlbum) VALUES('64KEffDW9EtZ1y2vBYgq8T', '1FVR0Mg8rGHhLBpaO9MADY');
INSERT INTO Composer(numAuteur, numAlbum) VALUES('757aE44tKEUQEqRuT6GnEB', '1FVR0Mg8rGHhLBpaO9MADY');
INSERT INTO Musique(numMusique, numAlbum, titre, duree) VALUES('0PowxVSTY2uh1CPc8EPKyX', '1FVR0Mg8rGHhLBpaO9MADY', 'Project Dreams', '167898');
INSERT INTO Ecrire(numAuteur, numMusique) VALUES('64KEffDW9EtZ1y2vBYgq8T', '0PowxVSTY2uh1CPc8EPKyX');
INSERT INTO Ecrire(numAuteur, numMusique) VALUES('757aE44tKEUQEqRuT6GnEB', '0PowxVSTY2uh1CPc8EPKyX');
INSERT INTO Auteur(numAuteur, nom, prenom) VALUES('2cWZOOzeOm4WmBJRnD5R7I', 'Normani', 'null');
INSERT INTO Album(numAlbum, nomAlbum, anneeAlbum, imageAlbum) VALUES('1V9oE8bVilClrk5naqyyvL', 'Dancing With A Stranger (with Normani)', '2019-01-11', 'https://i.scdn.co/image/c3546c5cb8b253184de8e9c03ff8394420d01b04');
INSERT INTO Composer(numAuteur, numAlbum) VALUES('2wY79sveU1sp5g7SokKOiI', '1V9oE8bVilClrk5naqyyvL');
INSERT INTO Composer(numAuteur, numAlbum) VALUES('2cWZOOzeOm4WmBJRnD5R7I', '1V9oE8bVilClrk5naqyyvL');
INSERT INTO Musique(numMusique, numAlbum, titre, duree) VALUES('6Qs4SXO9dwPj5GKvVOv8Ki', '1V9oE8bVilClrk5naqyyvL', 'Dancing With A Stranger (with Normani)', '171029');
INSERT INTO Ecrire(numAuteur, numMusique) VALUES('2wY79sveU1sp5g7SokKOiI', '6Qs4SXO9dwPj5GKvVOv8Ki');
INSERT INTO Ecrire(numAuteur, numMusique) VALUES('2cWZOOzeOm4WmBJRnD5R7I', '6Qs4SXO9dwPj5GKvVOv8Ki');
INSERT INTO Auteur(numAuteur, nom, prenom) VALUES('5jAMCwdNHWr7JThxtMuEyy', 'NOTD', 'null');
INSERT INTO Auteur(numAuteur, nom, prenom) VALUES('1o2NpYGqHiCq7FoiYdyd1x', 'Bea', 'Miller');
INSERT INTO Album(numAlbum, nomAlbum, anneeAlbum, imageAlbum) VALUES('2xqSl9X8ulJayI0KxABaLV', 'I Wanna Know (feat. Bea Miller)', '2018-03-16', 'https://i.scdn.co/image/ab67616d0000b273aba940d3db8ff59443876bc4');
INSERT INTO Composer(numAuteur, numAlbum) VALUES('5jAMCwdNHWr7JThxtMuEyy', '2xqSl9X8ulJayI0KxABaLV');
INSERT INTO Composer(numAuteur, numAlbum) VALUES('1o2NpYGqHiCq7FoiYdyd1x', '2xqSl9X8ulJayI0KxABaLV');
INSERT INTO Musique(numMusique, numAlbum, titre, duree) VALUES('18W92Zm1KjLCbUIszOhpkD', '2xqSl9X8ulJayI0KxABaLV', 'I Wanna Know (feat. Bea Miller)', '197938');
INSERT INTO Ecrire(numAuteur, numMusique) VALUES('5jAMCwdNHWr7JThxtMuEyy', '18W92Zm1KjLCbUIszOhpkD');
INSERT INTO Ecrire(numAuteur, numMusique) VALUES('1o2NpYGqHiCq7FoiYdyd1x', '18W92Zm1KjLCbUIszOhpkD');
INSERT INTO Auteur(numAuteur, nom, prenom) VALUES('7vk5e3vY1uw9plTHJAMwjN', 'Alan', 'Walker');
INSERT INTO Auteur(numAuteur, nom, prenom) VALUES('74KM79TiuVKeVCqs8QtB0B', 'Sabrina', 'Carpenter');
INSERT INTO Album(numAlbum, nomAlbum, anneeAlbum, imageAlbum) VALUES('1bcvtuHyO79DNAOOhHEkEm', 'On My Way', '2019-03-21', 'https://i.scdn.co/image/7af2c1b0883a703c77105e2d01a8a3c711ea2558');
INSERT INTO Composer(numAuteur, numAlbum) VALUES('7vk5e3vY1uw9plTHJAMwjN', '1bcvtuHyO79DNAOOhHEkEm');
INSERT INTO Composer(numAuteur, numAlbum) VALUES('74KM79TiuVKeVCqs8QtB0B', '1bcvtuHyO79DNAOOhHEkEm');
INSERT INTO Composer(numAuteur, numAlbum) VALUES('329e4yvIujISKGKz1BZZbO', '1bcvtuHyO79DNAOOhHEkEm');
INSERT INTO Musique(numMusique, numAlbum, titre, duree) VALUES('4n7jnSxVLd8QioibtTDBDq', '1bcvtuHyO79DNAOOhHEkEm', 'On My Way', '193797');
INSERT INTO Ecrire(numAuteur, numMusique) VALUES('7vk5e3vY1uw9plTHJAMwjN', '4n7jnSxVLd8QioibtTDBDq');
INSERT INTO Ecrire(numAuteur, numMusique) VALUES('74KM79TiuVKeVCqs8QtB0B', '4n7jnSxVLd8QioibtTDBDq');
INSERT INTO Ecrire(numAuteur, numMusique) VALUES('329e4yvIujISKGKz1BZZbO', '4n7jnSxVLd8QioibtTDBDq');
INSERT INTO Auteur(numAuteur, nom, prenom) VALUES('1GC4Fvx1sbDOkzIAPlNPxE', 'CHEL', 'null');
INSERT INTO Album(numAlbum, nomAlbum, anneeAlbum, imageAlbum) VALUES('74Stw4HKAunID9L34z99Ac', 'I Smell Nice', '2019-08-09', 'https://i.scdn.co/image/ab67616d0000b27384c3b1859268fa0556c6fee2');
INSERT INTO Composer(numAuteur, numAlbum) VALUES('1GC4Fvx1sbDOkzIAPlNPxE', '74Stw4HKAunID9L34z99Ac');
INSERT INTO Musique(numMusique, numAlbum, titre, duree) VALUES('30JmFiqRUyMhniivPTewhD', '74Stw4HKAunID9L34z99Ac', 'I Smell Nice', '211394');
INSERT INTO Ecrire(numAuteur, numMusique) VALUES('1GC4Fvx1sbDOkzIAPlNPxE', '30JmFiqRUyMhniivPTewhD');
INSERT INTO Album(numAlbum, nomAlbum, anneeAlbum, imageAlbum) VALUES('2XvFk3xrG7dV6GhqcJSQHX', 'So Am I', '2019-03-07', 'https://i.scdn.co/image/ab67616d0000b273b8dcf98474721fe404ad780d');
INSERT INTO Composer(numAuteur, numAlbum) VALUES('4npEfmQ6YuiwW1GpUmaq3F', '2XvFk3xrG7dV6GhqcJSQHX');
INSERT INTO Musique(numMusique, numAlbum, titre, duree) VALUES('0uUNN1nSoUx1A4fkDCWDQ7', '2XvFk3xrG7dV6GhqcJSQHX', 'So Am I', '183026');
INSERT INTO Ecrire(numAuteur, numMusique) VALUES('4npEfmQ6YuiwW1GpUmaq3F', '0uUNN1nSoUx1A4fkDCWDQ7');
INSERT INTO Album(numAlbum, nomAlbum, anneeAlbum, imageAlbum) VALUES('47LpgGVshd0tbFSbm9tTLb', 'Sunflower (Spider-Man: Into the Spider-Verse)', '2018-10-18', 'https://i.scdn.co/image/3aa37254a41cf96e81572524ec523cb870f2bb89');
INSERT INTO Composer(numAuteur, numAlbum) VALUES('246dkjvS1zLTtiykXe5h60', '47LpgGVshd0tbFSbm9tTLb');
INSERT INTO Composer(numAuteur, numAlbum) VALUES('1zNqQNIdeOUZHb8zbZRFMX', '47LpgGVshd0tbFSbm9tTLb');
INSERT INTO Musique(numMusique, numAlbum, titre, duree) VALUES('1A6OTy97kk0mMdm78rHsm8', '47LpgGVshd0tbFSbm9tTLb', 'Sunflower - Spider-Man: Into the Spider-Verse', '158053');
INSERT INTO Ecrire(numAuteur, numMusique) VALUES('246dkjvS1zLTtiykXe5h60', '1A6OTy97kk0mMdm78rHsm8');
INSERT INTO Ecrire(numAuteur, numMusique) VALUES('1zNqQNIdeOUZHb8zbZRFMX', '1A6OTy97kk0mMdm78rHsm8');
INSERT INTO Album(numAlbum, nomAlbum, anneeAlbum, imageAlbum) VALUES('0B1vzblCZwbnUF8cv5jGkd', 'My Bad', '2019-03-07', 'https://i.scdn.co/image/6c1f62bfe24b3cf4a0f1c61448eada0ae0d16dff');
INSERT INTO Composer(numAuteur, numAlbum) VALUES('6LuN9FCkKOj5PcnpouEgny', '0B1vzblCZwbnUF8cv5jGkd');
INSERT INTO Musique(numMusique, numAlbum, titre, duree) VALUES('1DUSuNhF8P5vUGNPpQiZa5', '0B1vzblCZwbnUF8cv5jGkd', 'My Bad', '166101');
INSERT INTO Ecrire(numAuteur, numMusique) VALUES('6LuN9FCkKOj5PcnpouEgny', '1DUSuNhF8P5vUGNPpQiZa5');
INSERT INTO Auteur(numAuteur, nom, prenom) VALUES('3RqBeV12Tt7A8xH3zBDDUF', 'Kelsea', 'Ballerini');
INSERT INTO Album(numAlbum, nomAlbum, anneeAlbum, imageAlbum) VALUES('1KQiX6KfutAN1UEzZ4BK5Q', 'Sick Boy...This Feeling', '2018-09-18', 'https://i.scdn.co/image/449b46c148dbd2cba9403108a59c6b11bb132200');
INSERT INTO Composer(numAuteur, numAlbum) VALUES('69GGBxA162lTqCwzJG5jLp', '1KQiX6KfutAN1UEzZ4BK5Q');
INSERT INTO Musique(numMusique, numAlbum, titre, duree) VALUES('15kQGEy89K8deJcZVFEn0N', '1KQiX6KfutAN1UEzZ4BK5Q', 'This Feeling (feat. Kelsea Ballerini)', '199226');
INSERT INTO Ecrire(numAuteur, numMusique) VALUES('69GGBxA162lTqCwzJG5jLp', '15kQGEy89K8deJcZVFEn0N');
INSERT INTO Ecrire(numAuteur, numMusique) VALUES('3RqBeV12Tt7A8xH3zBDDUF', '15kQGEy89K8deJcZVFEn0N');
INSERT INTO Auteur(numAuteur, nom, prenom) VALUES('2ZRQcIgzPCVaT9XKhXZIzh', 'Gryffin', 'null');
INSERT INTO Auteur(numAuteur, nom, prenom) VALUES('6Dd3NScHWwnW6obMFbl1BH', 'Daya', 'null');
INSERT INTO Album(numAlbum, nomAlbum, anneeAlbum, imageAlbum) VALUES('1fP5UnRB0WNWNHSZRHsRCR', 'Feel Good (feat. Daya)', '2017-03-03', 'https://i.scdn.co/image/ab67616d0000b273a0070875ed2c45c6e123d016');
INSERT INTO Composer(numAuteur, numAlbum) VALUES('2ZRQcIgzPCVaT9XKhXZIzh', '1fP5UnRB0WNWNHSZRHsRCR');
INSERT INTO Composer(numAuteur, numAlbum) VALUES('45eNHdiiabvmbp4erw26rg', '1fP5UnRB0WNWNHSZRHsRCR');
INSERT INTO Musique(numMusique, numAlbum, titre, duree) VALUES('0Ev562zA4pmUsBqjxsxxdx', '1fP5UnRB0WNWNHSZRHsRCR', 'Feel Good (feat. Daya)', '248156');
INSERT INTO Ecrire(numAuteur, numMusique) VALUES('2ZRQcIgzPCVaT9XKhXZIzh', '0Ev562zA4pmUsBqjxsxxdx');
INSERT INTO Ecrire(numAuteur, numMusique) VALUES('45eNHdiiabvmbp4erw26rg', '0Ev562zA4pmUsBqjxsxxdx');
INSERT INTO Ecrire(numAuteur, numMusique) VALUES('6Dd3NScHWwnW6obMFbl1BH', '0Ev562zA4pmUsBqjxsxxdx');
INSERT INTO Auteur(numAuteur, nom, prenom) VALUES('6MDME20pz9RveH9rEXvrOM', 'Clean', 'Bandit');
INSERT INTO Album(numAlbum, nomAlbum, anneeAlbum, imageAlbum) VALUES('1MvF4ulZKH7SaDQs9rE5nc', 'What Is Love? (Deluxe Edition)', '2018-11-30', 'https://i.scdn.co/image/ab67616d0000b27337fb0680110fbb107740de5d');
INSERT INTO Composer(numAuteur, numAlbum) VALUES('6MDME20pz9RveH9rEXvrOM', '1MvF4ulZKH7SaDQs9rE5nc');
INSERT INTO Musique(numMusique, numAlbum, titre, duree) VALUES('3WDIhWoRWVcaHdRwMEHkkS', '1MvF4ulZKH7SaDQs9rE5nc', 'Mama (feat. Ellie Goulding)', '189973');
INSERT INTO Ecrire(numAuteur, numMusique) VALUES('6MDME20pz9RveH9rEXvrOM', '3WDIhWoRWVcaHdRwMEHkkS');
INSERT INTO Ecrire(numAuteur, numMusique) VALUES('0X2BH1fck6amBIoJhDVmmJ', '3WDIhWoRWVcaHdRwMEHkkS');
INSERT INTO Auteur(numAuteur, nom, prenom) VALUES('67MNhiAICFY6Pwc2YxCO0K', 'Elley', 'Duhé');
INSERT INTO Album(numAlbum, nomAlbum, anneeAlbum, imageAlbum) VALUES('69t8rpgBN1ov5kCU6LDMuR', 'Tie Me Down (with Elley Duhé)', '2018-08-03', 'https://i.scdn.co/image/523e879decd1378f11721ec75b1b6fb1696fac40');
INSERT INTO Composer(numAuteur, numAlbum) VALUES('2ZRQcIgzPCVaT9XKhXZIzh', '69t8rpgBN1ov5kCU6LDMuR');
INSERT INTO Composer(numAuteur, numAlbum) VALUES('67MNhiAICFY6Pwc2YxCO0K', '69t8rpgBN1ov5kCU6LDMuR');
INSERT INTO Musique(numMusique, numAlbum, titre, duree) VALUES('4QVS8YCpK71R4FsxSMCjhP', '69t8rpgBN1ov5kCU6LDMuR', 'Tie Me Down (with Elley Duhé)', '218295');
INSERT INTO Ecrire(numAuteur, numMusique) VALUES('2ZRQcIgzPCVaT9XKhXZIzh', '4QVS8YCpK71R4FsxSMCjhP');
INSERT INTO Ecrire(numAuteur, numMusique) VALUES('67MNhiAICFY6Pwc2YxCO0K', '4QVS8YCpK71R4FsxSMCjhP');
INSERT INTO Auteur(numAuteur, nom, prenom) VALUES('5gmqOewLQ5JCmIxC3jbXY8', 'Asmow', 'null');
INSERT INTO Auteur(numAuteur, nom, prenom) VALUES('5T5ZaU34lO3mfEXHcPyJlZ', 'Aviella', 'Winder');
INSERT INTO Album(numAlbum, nomAlbum, anneeAlbum, imageAlbum) VALUES('13mHFNhrWrxqH08VbK7oQv', 'Don''t Know How', '2017-04-10', 'https://i.scdn.co/image/572db915e8eb953394cea1b90ad667476e4862df');
INSERT INTO Composer(numAuteur, numAlbum) VALUES('5gmqOewLQ5JCmIxC3jbXY8', '13mHFNhrWrxqH08VbK7oQv');
INSERT INTO Musique(numMusique, numAlbum, titre, duree) VALUES('4u0TyofXZ62soMf06S80Q5', '13mHFNhrWrxqH08VbK7oQv', 'Don''t Know How', '196285');
INSERT INTO Ecrire(numAuteur, numMusique) VALUES('5gmqOewLQ5JCmIxC3jbXY8', '4u0TyofXZ62soMf06S80Q5');
INSERT INTO Ecrire(numAuteur, numMusique) VALUES('5T5ZaU34lO3mfEXHcPyJlZ', '4u0TyofXZ62soMf06S80Q5');
INSERT INTO Auteur(numAuteur, nom, prenom) VALUES('6nS5roXSAGhTGr34W6n7Et', 'Disclosure', 'null');
INSERT INTO Album(numAlbum, nomAlbum, anneeAlbum, imageAlbum) VALUES('58kvvQvx6OtLqEDhqYSzyM', 'Talk', '2019-02-07', 'https://i.scdn.co/image/9f091342e3186b9ec79d76af4879fba791445fd9');
INSERT INTO Composer(numAuteur, numAlbum) VALUES('6LuN9FCkKOj5PcnpouEgny', '58kvvQvx6OtLqEDhqYSzyM');
INSERT INTO Composer(numAuteur, numAlbum) VALUES('6nS5roXSAGhTGr34W6n7Et', '58kvvQvx6OtLqEDhqYSzyM');
INSERT INTO Musique(numMusique, numAlbum, titre, duree) VALUES('0rTV5WefWd1J3OwIheTzxM', '58kvvQvx6OtLqEDhqYSzyM', 'Talk', '197487');
INSERT INTO Ecrire(numAuteur, numMusique) VALUES('6LuN9FCkKOj5PcnpouEgny', '0rTV5WefWd1J3OwIheTzxM');
INSERT INTO Ecrire(numAuteur, numMusique) VALUES('6nS5roXSAGhTGr34W6n7Et', '0rTV5WefWd1J3OwIheTzxM');
INSERT INTO Auteur(numAuteur, nom, prenom) VALUES('3XC57xz74X3xUi1hv4mge1', 'Winona', 'Oak');
INSERT INTO Album(numAlbum, nomAlbum, anneeAlbum, imageAlbum) VALUES('6ZvDJs17O3woQirttKRYCG', 'Sick Boy', '2018-12-14', 'https://i.scdn.co/image/ab67616d0000b2738e26bf4293c9da7a6439607b');
INSERT INTO Composer(numAuteur, numAlbum) VALUES('69GGBxA162lTqCwzJG5jLp', '6ZvDJs17O3woQirttKRYCG');
INSERT INTO Musique(numMusique, numAlbum, titre, duree) VALUES('4BiiOzZCrXEzHRLYcYFiD5', '6ZvDJs17O3woQirttKRYCG', 'Hope', '180120');
INSERT INTO Ecrire(numAuteur, numMusique) VALUES('69GGBxA162lTqCwzJG5jLp', '4BiiOzZCrXEzHRLYcYFiD5');
INSERT INTO Ecrire(numAuteur, numMusique) VALUES('3XC57xz74X3xUi1hv4mge1', '4BiiOzZCrXEzHRLYcYFiD5');
INSERT INTO Auteur(numAuteur, nom, prenom) VALUES('6S2OmqARrzebs0tKUEyXyp', 'Demi', 'Lovato');
INSERT INTO Album(numAlbum, nomAlbum, anneeAlbum, imageAlbum) VALUES('1q7a5wZeti0neU2jDn8Dz3', 'Solo (feat. Demi Lovato)', '2018-05-17', 'https://i.scdn.co/image/489a6a1ff485243cdf2652a2966a7626d6dce996');
INSERT INTO Composer(numAuteur, numAlbum) VALUES('6MDME20pz9RveH9rEXvrOM', '1q7a5wZeti0neU2jDn8Dz3');
INSERT INTO Composer(numAuteur, numAlbum) VALUES('6S2OmqARrzebs0tKUEyXyp', '1q7a5wZeti0neU2jDn8Dz3');
INSERT INTO Musique(numMusique, numAlbum, titre, duree) VALUES('6kPJZM97LwdG9QIsT7khp6', '1q7a5wZeti0neU2jDn8Dz3', 'Solo (feat. Demi Lovato)', '222653');
INSERT INTO Ecrire(numAuteur, numMusique) VALUES('6MDME20pz9RveH9rEXvrOM', '6kPJZM97LwdG9QIsT7khp6');
INSERT INTO Ecrire(numAuteur, numMusique) VALUES('6S2OmqARrzebs0tKUEyXyp', '6kPJZM97LwdG9QIsT7khp6');
INSERT INTO Auteur(numAuteur, nom, prenom) VALUES('4exLIFE8sISLr28sqG1qNX', 'Travis', 'Barker');
INSERT INTO Album(numAlbum, nomAlbum, anneeAlbum, imageAlbum) VALUES('4IRiXE5NROxknUSAUSjMoO', '7 EP', '2019-06-21', 'https://i.scdn.co/image/ab67616d0000b273c0e7bf5cdd630f314f20586a');
INSERT INTO Composer(numAuteur, numAlbum) VALUES('7jVv8c5Fj3E9VhNjxT4snq', '4IRiXE5NROxknUSAUSjMoO');
INSERT INTO Musique(numMusique, numAlbum, titre, duree) VALUES('1ABQT5SxlUTNapSbSzblGx', '4IRiXE5NROxknUSAUSjMoO', 'F9mily (You & Me)', '162720');
INSERT INTO Ecrire(numAuteur, numMusique) VALUES('7jVv8c5Fj3E9VhNjxT4snq', '1ABQT5SxlUTNapSbSzblGx');
INSERT INTO Ecrire(numAuteur, numMusique) VALUES('4exLIFE8sISLr28sqG1qNX', '1ABQT5SxlUTNapSbSzblGx');
INSERT INTO Album(numAlbum, nomAlbum, anneeAlbum, imageAlbum) VALUES('7viSsSKXrDa95CtUcuc1Iv', 'KILL THIS LOVE', '2019-04-05', 'https://i.scdn.co/image/68c8cb90a5a3fc4ed0413ab6a7e4eac3953aa915');
INSERT INTO Composer(numAuteur, numAlbum) VALUES('41MozSoPIsD1dJM0CLPjZF', '7viSsSKXrDa95CtUcuc1Iv');
INSERT INTO Musique(numMusique, numAlbum, titre, duree) VALUES('18PergoIrGmRyeYxnaXJN2', '7viSsSKXrDa95CtUcuc1Iv', 'Kill This Love', '189052');
INSERT INTO Ecrire(numAuteur, numMusique) VALUES('41MozSoPIsD1dJM0CLPjZF', '18PergoIrGmRyeYxnaXJN2');
